id_pedido,data_pedido,ano,mes,regiao,cidade,canal_venda,vendedor,segmento_cliente,produto,categoria,quantidade,preco_unitario,desconto_percentual,frete,receita_bruta,receita_liquida,custo_total,lucro,margem_percentual,forma_pagamento,status_pedido,prazo_entrega_dias,avaliacao_cliente
PED-00409,2025-01-01,2025,01,Sudeste,Belo Horizonte,Aplicativo,Daniel,Pessoa Física,Smartphone Y,Telefonia,2,2150.00,10,67.62,4300.00,3937.62,3183.67,753.95,19.15,PIX,Concluído,7,4
PED-00029,2025-01-02,2025,01,Sudeste,São Paulo,Aplicativo,Felipe,Pequena Empresa,Headset USB,Acessórios,3,260.00,0,85.50,780.00,0.00,29.92,-29.92,0.00,Transferência,Cancelado,5,
PED-00199,2025-01-02,2025,01,Sul,Porto Alegre,Marketplace,Henrique,Pessoa Física,Headset USB,Acessórios,3,260.00,15,93.87,780.00,756.87,497.85,259.02,34.22,Cartão de Crédito,Concluído,12,3
PED-00633,2025-01-02,2025,01,Sudeste,Rio de Janeiro,Loja Física,Gabriela,Pessoa Física,Mesa Home Office,Móveis,2,980.00,10,75.67,1960.00,0.00,26.48,-26.48,0.00,PIX,Cancelado,11,
PED-00950,2025-01-02,2025,01,Sudeste,Campinas,Site,Felipe,Média Empresa,Notebook Pro 14,Eletrônicos,8,4200.00,0,58.98,33600.00,33658.98,25220.64,8438.34,25.07,Boleto,Concluído,9,3
PED-00549,2025-01-03,2025,01,Sul,Curitiba,Aplicativo,Gabriela,Pessoa Física,Monitor 27,Eletrônicos,1,1450.00,5,32.09,1450.00,1409.59,1031.23,378.36,26.84,PIX,Concluído,8,5
PED-01261,2025-01-03,2025,01,Sul,Porto Alegre,Site,Bruno,Pessoa Física,Tablet 10,Telefonia,2,1850.00,15,9.94,3700.00,3154.94,2643.48,511.46,16.21,Transferência,Concluído,6,5
PED-01448,2025-01-04,2025,01,Sudeste,Rio de Janeiro,Aplicativo,Bruno,Corporativo,Webcam Full HD,Acessórios,4,310.00,0,73.99,1240.00,1313.99,785.90,528.09,40.19,Transferência,Concluído,11,5
PED-00185,2025-01-05,2025,01,Sudeste,São Paulo,Marketplace,Carla,Pessoa Física,Headset USB,Acessórios,1,260.00,0,63.72,260.00,323.72,177.30,146.42,45.23,Boleto,Concluído,9,5
PED-00458,2025-01-05,2025,01,Nordeste,Fortaleza,Marketplace,Eduarda,Corporativo,Smartphone X,Telefonia,4,3200.00,20,63.35,12800.00,0.00,22.17,-22.17,0.00,Transferência,Cancelado,12,
PED-00514,2025-01-05,2025,01,Sudeste,São Paulo,Site,Henrique,Pequena Empresa,Mouse Sem Fio,Acessórios,5,145.00,0,64.72,725.00,118.46,367.75,-249.29,-210.44,Transferência,Devolvido,2,
PED-01473,2025-01-05,2025,01,Centro-Oeste,Cuiabá,Site,Bruno,Pessoa Física,Smartphone X,Telefonia,1,3200.00,0,66.96,3200.00,3266.96,2473.44,793.52,24.29,Cartão de Crédito,Concluído,2,2
PED-00509,2025-01-06,2025,01,Sul,Londrina,Site,Gabriela,Pequena Empresa,Cadeira Ergonômica,Móveis,1,1350.00,15,3.91,1350.00,1151.41,881.37,270.04,23.45,Transferência,Concluído,5,3
PED-00644,2025-01-06,2025,01,Centro-Oeste,Brasília,Site,Daniel,Pequena Empresa,SSD 1 TB,Componentes,1,510.00,0,71.54,510.00,581.54,370.04,211.50,36.37,Boleto,Concluído,2,4
PED-00661,2025-01-06,2025,01,Centro-Oeste,Goiânia,Site,Eduarda,Pessoa Física,Smartphone Y,Telefonia,2,2150.00,10,85.59,4300.00,3955.59,3189.96,765.63,19.36,Transferência,Concluído,11,3
PED-01297,2025-01-06,2025,01,Norte,Manaus,Loja Física,Felipe,Pessoa Física,Smartphone Y,Telefonia,1,2150.00,20,43.75,2150.00,1763.75,1595.31,168.44,9.55,PIX,Concluído,5,5
PED-01327,2025-01-06,2025,01,Sul,Porto Alegre,Site,Bruno,Pessoa Física,Impressora Wi-Fi,Escritório,2,760.00,0,12.93,1520.00,1532.93,1034.53,498.40,32.51,Boleto,Concluído,5,5
PED-01304,2025-01-07,2025,01,Sudeste,Belo Horizonte,Aplicativo,Ana,Pessoa Física,Memória RAM 16 GB,Componentes,2,390.00,20,57.99,780.00,681.99,510.30,171.69,25.17,Cartão de Crédito,Concluído,2,5
PED-00717,2025-01-08,2025,01,Nordeste,Fortaleza,Site,Eduarda,Pessoa Física,Smartphone Y,Telefonia,5,2150.00,15,63.96,10750.00,9201.46,7922.39,1279.07,13.90,Cartão de Crédito,Concluído,7,2
PED-00859,2025-01-08,2025,01,Norte,Porto Velho,Site,Henrique,Pessoa Física,Smartphone X,Telefonia,2,3200.00,0,82.45,6400.00,6482.45,4928.86,1553.59,23.97,Boleto,Concluído,6,2
PED-01101,2025-01-08,2025,01,Centro-Oeste,Brasília,Site,Bruno,Pequena Empresa,Smartphone X,Telefonia,2,3200.00,0,12.90,6400.00,6412.90,4904.52,1508.38,23.52,Boleto,Concluído,9,5
PED-01208,2025-01-08,2025,01,Nordeste,Salvador,Site,Ana,Média Empresa,Mesa Home Office,Móveis,2,980.00,5,46.51,1960.00,1908.51,1256.28,652.23,34.17,Boleto,Concluído,12,4
PED-01231,2025-01-08,2025,01,Nordeste,Fortaleza,Site,Ana,Pessoa Física,Webcam Full HD,Acessórios,3,310.00,15,38.53,930.00,829.03,583.49,245.54,29.62,Transferência,Concluído,10,5
PED-00575,2025-01-09,2025,01,Sudeste,São Paulo,Marketplace,Daniel,Corporativo,Teclado Mecânico,Acessórios,3,350.00,0,6.50,1050.00,1056.50,632.27,424.23,40.15,Transferência,Concluído,11,4
PED-00268,2025-01-10,2025,01,Nordeste,Recife,Site,Henrique,Corporativo,Teclado Mecânico,Acessórios,1,350.00,10,35.40,350.00,350.40,222.39,128.01,36.53,Transferência,Concluído,3,3
PED-00889,2025-01-10,2025,01,Centro-Oeste,Brasília,Loja Física,Henrique,Pequena Empresa,Impressora Wi-Fi,Escritório,1,760.00,15,58.37,760.00,704.37,535.43,168.94,23.98,Transferência,Concluído,1,3
PED-00046,2025-01-11,2025,01,Sudeste,Campinas,Marketplace,Daniel,Pequena Empresa,Headset USB,Acessórios,3,260.00,5,75.33,780.00,816.33,491.37,324.96,39.81,PIX,Concluído,5,3
PED-00655,2025-01-11,2025,01,Nordeste,Recife,Marketplace,Bruno,Pessoa Física,Impressora Wi-Fi,Escritório,3,760.00,15,70.86,2280.00,301.33,1334.33,-1033.00,-342.81,Boleto,Devolvido,7,
PED-00829,2025-01-11,2025,01,Sudeste,Rio de Janeiro,Marketplace,Ana,Pessoa Física,Smartphone X,Telefonia,1,3200.00,10,51.08,3200.00,2931.08,2467.88,463.20,15.80,Transferência,Concluído,2,2
PED-01149,2025-01-11,2025,01,Sudeste,São Paulo,Aplicativo,Ana,Pequena Empresa,Mouse Sem Fio,Acessórios,1,145.00,5,52.23,145.00,0.00,18.28,-18.28,0.00,Cartão de Crédito,Cancelado,9,
PED-00391,2025-01-12,2025,01,Nordeste,Fortaleza,Loja Física,Eduarda,Pessoa Física,Headset USB,Acessórios,2,260.00,10,10.81,520.00,478.81,313.78,165.03,34.47,Cartão de Crédito,Concluído,6,4
PED-01325,2025-01-12,2025,01,Sul,Londrina,Site,Carla,Média Empresa,Monitor 24,Eletrônicos,1,920.00,0,51.04,920.00,971.04,657.86,313.18,32.25,PIX,Concluído,10,2
PED-00573,2025-01-13,2025,01,Sul,Porto Alegre,Aplicativo,Carla,Pequena Empresa,Monitor 24,Eletrônicos,1,920.00,5,68.84,920.00,942.84,664.09,278.75,29.56,Cartão de Crédito,Concluído,3,3
PED-00883,2025-01-13,2025,01,Sudeste,Campinas,Marketplace,Carla,Corporativo,Cadeira Ergonômica,Móveis,3,1350.00,10,47.60,4050.00,0.00,16.66,-16.66,0.00,Transferência,Cancelado,6,
PED-00478,2025-01-14,2025,01,Nordeste,Natal,Marketplace,Bruno,Pessoa Física,Memória RAM 16 GB,Componentes,2,390.00,10,92.87,780.00,119.23,444.12,-324.89,-272.49,Cartão de Crédito,Devolvido,3,
PED-01225,2025-01-14,2025,01,Sul,Florianópolis,Loja Física,Bruno,Pessoa Física,Mouse Sem Fio,Acessórios,4,145.00,0,8.56,580.00,588.56,331.00,257.56,43.76,PIX,Concluído,9,5
PED-00367,2025-01-15,2025,01,Nordeste,Salvador,Site,Henrique,Pessoa Física,Smartphone X,Telefonia,1,3200.00,5,19.36,3200.00,0.00,6.78,-6.78,0.00,Transferência,Cancelado,5,
PED-00505,2025-01-15,2025,01,Nordeste,Natal,Loja Física,Henrique,Pessoa Física,Impressora Wi-Fi,Escritório,3,760.00,0,81.88,2280.00,2361.88,1573.66,788.22,33.37,Transferência,Concluído,5,5
PED-00711,2025-01-15,2025,01,Centro-Oeste,Goiânia,Marketplace,Felipe,Pessoa Física,Teclado Mecânico,Acessórios,8,350.00,5,49.47,2800.00,2709.47,1697.31,1012.16,37.36,PIX,Concluído,8,5
PED-01500,2025-01-15,2025,01,Centro-Oeste,Brasília,Aplicativo,Daniel,Pessoa Física,Smartphone Y,Telefonia,1,2150.00,5,35.81,2150.00,2078.31,1592.53,485.78,23.37,Transferência,Concluído,12,5
PED-00781,2025-01-16,2025,01,Centro-Oeste,Brasília,Site,Henrique,Pessoa Física,Webcam Full HD,Acessórios,1,310.00,5,62.24,310.00,356.74,211.78,144.96,40.63,Transferência,Concluído,5,3
PED-01182,2025-01-16,2025,01,Nordeste,Natal,Marketplace,Bruno,Pequena Empresa,Smartphone Y,Telefonia,1,2150.00,0,33.18,2150.00,327.48,1352.87,-1025.39,-313.12,Cartão de Crédito,Devolvido,3,
PED-00197,2025-01-17,2025,01,Norte,Belém,Marketplace,Ana,Corporativo,Monitor 27,Eletrônicos,2,1450.00,20,86.39,2900.00,360.96,1759.70,-1398.74,-387.51,PIX,Devolvido,5,
PED-00793,2025-01-17,2025,01,Sul,Curitiba,Marketplace,Felipe,Pessoa Física,Smartphone Y,Telefonia,2,2150.00,0,7.36,4300.00,4307.36,3162.58,1144.78,26.58,Transferência,Concluído,6,4
PED-01093,2025-01-17,2025,01,Nordeste,Salvador,Marketplace,Daniel,Pessoa Física,Mesa Home Office,Móveis,2,980.00,10,81.25,1960.00,1845.25,1268.44,576.81,31.26,PIX,Concluído,9,5
PED-01185,2025-01-17,2025,01,Sudeste,São Paulo,Aplicativo,Ana,Corporativo,Mouse Sem Fio,Acessórios,3,145.00,0,79.97,435.00,514.97,273.99,240.98,46.79,Boleto,Concluído,12,4
PED-00627,2025-01-18,2025,01,Centro-Oeste,Cuiabá,Loja Física,Daniel,Pequena Empresa,Smartphone Y,Telefonia,2,2150.00,10,7.73,4300.00,3877.73,3162.71,715.02,18.44,Cartão de Crédito,Concluído,8,5
PED-01441,2025-01-18,2025,01,Sudeste,São Paulo,Marketplace,Daniel,Média Empresa,Smartphone Y,Telefonia,8,2150.00,10,85.23,17200.00,15565.23,12669.83,2895.40,18.60,Cartão de Crédito,Concluído,7,4
PED-00260,2025-01-19,2025,01,Nordeste,Recife,Site,Felipe,Pessoa Física,Notebook Pro 14,Eletrônicos,1,4200.00,5,29.08,4200.00,4019.08,3160.18,858.90,21.37,Boleto,Concluído,1,4
PED-00274,2025-01-19,2025,01,Sudeste,São Paulo,Marketplace,Ana,Média Empresa,Monitor 27,Eletrônicos,4,1450.00,20,60.57,5800.00,0.00,21.20,-21.20,0.00,PIX,Cancelado,9,
PED-00371,2025-01-19,2025,01,Nordeste,Fortaleza,Marketplace,Daniel,Corporativo,Smartphone Y,Telefonia,8,2150.00,0,5.89,17200.00,17205.89,12642.06,4563.83,26.52,Cartão de Crédito,Concluído,7,5
PED-00524,2025-01-19,2025,01,Sudeste,São Paulo,Site,Henrique,Pessoa Física,Notebook Pro 14,Eletrônicos,2,4200.00,10,70.70,8400.00,1144.61,5376.03,-4231.42,-369.68,Boleto,Devolvido,8,
PED-01155,2025-01-19,2025,01,Norte,Manaus,Marketplace,Daniel,Pessoa Física,Notebook Lite 15,Eletrônicos,2,2850.00,10,77.73,5700.00,5207.73,4327.21,880.52,16.91,Transferência,Concluído,7,3
PED-00263,2025-01-21,2025,01,Nordeste,Natal,Marketplace,Bruno,Pessoa Física,Notebook Lite 15,Eletrônicos,2,2850.00,0,66.04,5700.00,864.91,3674.64,-2809.73,-324.86,Boleto,Devolvido,1,
PED-00820,2025-01-21,2025,01,Nordeste,Recife,Site,Gabriela,Pessoa Física,Notebook Pro 14,Eletrônicos,3,4200.00,5,30.75,12600.00,0.00,10.76,-10.76,0.00,Cartão de Crédito,Cancelado,12,
PED-00979,2025-01-21,2025,01,Norte,Porto Velho,Aplicativo,Bruno,Média Empresa,Memória RAM 16 GB,Componentes,1,390.00,0,28.51,390.00,418.51,254.98,163.53,39.07,PIX,Concluído,3,3
PED-00683,2025-01-22,2025,01,Sudeste,Belo Horizonte,Site,Gabriela,Pessoa Física,Notebook Lite 15,Eletrônicos,6,2850.00,0,40.58,17100.00,17140.58,12914.20,4226.38,24.66,PIX,Concluído,6,5
PED-00970,2025-01-22,2025,01,Centro-Oeste,Goiânia,Site,Gabriela,Pequena Empresa,Impressora Wi-Fi,Escritório,2,760.00,0,38.21,1520.00,233.73,886.86,-653.13,-279.44,PIX,Devolvido,6,
PED-01035,2025-01-22,2025,01,Nordeste,Salvador,Marketplace,Ana,Pessoa Física,Smartphone Y,Telefonia,2,2150.00,5,6.19,4300.00,4091.19,3162.17,929.02,22.71,Transferência,Concluído,11,4
PED-01162,2025-01-22,2025,01,Sul,Porto Alegre,Aplicativo,Daniel,Pessoa Física,Mesa Home Office,Móveis,4,980.00,15,21.19,3920.00,3353.19,2487.42,865.77,25.82,Cartão de Crédito,Concluído,7,4
PED-00150,2025-01-23,2025,01,Sudeste,São Paulo,Loja Física,Bruno,Pessoa Física,Tablet 10,Telefonia,1,1850.00,0,94.44,1850.00,1944.44,1353.05,591.39,30.41,Transferência,Concluído,8,2
PED-00359,2025-01-23,2025,01,Centro-Oeste,Goiânia,Site,Henrique,Pessoa Física,Cadeira Ergonômica,Móveis,1,1350.00,5,55.30,1350.00,1337.80,899.36,438.44,32.77,Cartão de Crédito,Concluído,5,5
PED-00848,2025-01-23,2025,01,Centro-Oeste,Campo Grande,Marketplace,Gabriela,Pequena Empresa,SSD 1 TB,Componentes,2,510.00,0,68.72,1020.00,0.00,24.05,-24.05,0.00,Transferência,Cancelado,6,
PED-01351,2025-01-23,2025,01,Sul,Florianópolis,Marketplace,Felipe,Pessoa Física,Notebook Pro 14,Eletrônicos,2,4200.00,0,74.72,8400.00,8474.72,6326.15,2148.57,25.35,Boleto,Concluído,10,4
PED-00542,2025-01-24,2025,01,Centro-Oeste,Cuiabá,Site,Eduarda,Pequena Empresa,Notebook Pro 14,Eletrônicos,10,4200.00,0,5.69,42000.00,42005.69,31501.99,10503.70,25.01,Boleto,Concluído,5,5
PED-00642,2025-01-24,2025,01,Sudeste,São Paulo,Loja Física,Carla,Pessoa Física,Memória RAM 16 GB,Componentes,10,390.00,10,28.34,3900.00,3538.34,2459.92,1078.42,30.48,PIX,Concluído,2,4
PED-00722,2025-01-24,2025,01,Sudeste,São Paulo,Site,Eduarda,Pessoa Física,Monitor 27,Eletrônicos,1,1450.00,0,80.24,1450.00,1530.24,1048.08,482.16,31.51,Cartão de Crédito,Concluído,7,3
PED-00774,2025-01-24,2025,01,Centro-Oeste,Cuiabá,Aplicativo,Eduarda,Pessoa Física,Webcam Full HD,Acessórios,2,310.00,15,15.00,620.00,542.00,385.25,156.75,28.92,PIX,Concluído,2,4
PED-00874,2025-01-24,2025,01,Sul,Porto Alegre,Marketplace,Henrique,Pequena Empresa,Smartphone X,Telefonia,8,3200.00,0,57.13,25600.00,3848.57,16677.00,-12828.43,-333.33,PIX,Devolvido,7,
PED-01296,2025-01-24,2025,01,Sudeste,São Paulo,Site,Felipe,Pessoa Física,Webcam Full HD,Acessórios,8,310.00,5,53.11,2480.00,2409.11,1538.59,870.52,36.13,Cartão de Crédito,Concluído,7,1
PED-01481,2025-01-24,2025,01,Sul,Londrina,Site,Eduarda,Pequena Empresa,Mouse Sem Fio,Acessórios,8,145.00,15,6.44,1160.00,992.44,658.25,334.19,33.67,Cartão de Crédito,Concluído,4,5
PED-00292,2025-01-25,2025,01,Nordeste,Salvador,Site,Ana,Pessoa Física,SSD 1 TB,Componentes,1,510.00,0,78.05,510.00,588.05,372.32,215.73,36.69,Transferência,Concluído,7,4
PED-00801,2025-01-25,2025,01,Norte,Belém,Marketplace,Gabriela,Média Empresa,Mouse Sem Fio,Acessórios,2,145.00,5,52.91,290.00,49.26,155.14,-105.88,-214.94,Cartão de Crédito,Devolvido,5,
PED-00819,2025-01-25,2025,01,Nordeste,Recife,Site,Bruno,Média Empresa,Webcam Full HD,Acessórios,2,310.00,5,77.74,620.00,666.74,407.21,259.53,38.93,Transferência,Concluído,2,2
PED-01057,2025-01-25,2025,01,Nordeste,Salvador,Marketplace,Ana,Pessoa Física,Webcam Full HD,Acessórios,1,310.00,5,46.64,310.00,51.17,175.37,-124.20,-242.72,Transferência,Devolvido,8,
PED-01209,2025-01-25,2025,01,Nordeste,Natal,Marketplace,Bruno,Pequena Empresa,Mouse Sem Fio,Acessórios,1,145.00,0,33.26,145.00,178.26,93.64,84.62,47.47,Boleto,Concluído,6,3
PED-01221,2025-01-25,2025,01,Sudeste,Campinas,Site,Daniel,Pessoa Física,Monitor 24,Eletrônicos,4,920.00,15,54.77,3680.00,3182.77,2579.17,603.60,18.96,Transferência,Concluído,2,3
PED-00586,2025-01-26,2025,01,Sul,Florianópolis,Loja Física,Felipe,Média Empresa,Mouse Sem Fio,Acessórios,1,145.00,5,51.93,145.00,189.68,100.18,89.50,47.18,Cartão de Crédito,Concluído,5,5
PED-01003,2025-01-26,2025,01,Nordeste,Natal,Site,Henrique,Pequena Empresa,Notebook Pro 14,Eletrônicos,10,4200.00,5,36.29,42000.00,39936.29,31512.70,8423.59,21.09,Boleto,Concluído,10,4
PED-00626,2025-01-27,2025,01,Centro-Oeste,Cuiabá,Aplicativo,Daniel,Pessoa Física,Monitor 27,Eletrônicos,3,1450.00,10,45.14,4350.00,3960.14,3075.80,884.34,22.33,Boleto,Concluído,11,3
PED-00906,2025-01-27,2025,01,Nordeste,Fortaleza,Aplicativo,Felipe,Média Empresa,Notebook Lite 15,Eletrônicos,6,2850.00,10,19.16,17100.00,15409.16,12906.71,2502.45,16.24,PIX,Concluído,7,5
PED-01136,2025-01-27,2025,01,Sul,Curitiba,Loja Física,Daniel,Pessoa Física,Notebook Lite 15,Eletrônicos,3,2850.00,0,68.77,8550.00,8618.77,6474.07,2144.70,24.88,Transferência,Concluído,9,3
PED-00039,2025-01-28,2025,01,Nordeste,Recife,Aplicativo,Carla,Pessoa Física,Monitor 24,Eletrônicos,2,920.00,0,31.05,1840.00,1871.05,1290.87,580.18,31.01,Transferência,Concluído,5,5
PED-00203,2025-01-28,2025,01,Sudeste,Rio de Janeiro,Loja Física,Eduarda,Pequena Empresa,Mesa Home Office,Móveis,4,980.00,15,22.74,3920.00,3354.74,2487.96,866.78,25.84,Cartão de Crédito,Concluído,2,3
PED-00854,2025-01-28,2025,01,Centro-Oeste,Goiânia,Loja Física,Felipe,Pessoa Física,Webcam Full HD,Acessórios,2,310.00,0,56.92,620.00,676.92,399.92,277.00,40.92,PIX,Concluído,2,5
PED-01133,2025-01-28,2025,01,Centro-Oeste,Brasília,Site,Carla,Pequena Empresa,Notebook Pro 14,Eletrônicos,4,4200.00,10,7.85,16800.00,15127.85,12602.75,2525.10,16.69,Cartão de Crédito,Concluído,8,5
PED-00603,2025-01-29,2025,01,Sudeste,Rio de Janeiro,Loja Física,Bruno,Pessoa Física,Notebook Pro 14,Eletrônicos,5,4200.00,15,78.89,21000.00,17928.89,15777.61,2151.28,12.00,Transferência,Concluído,12,3
PED-00696,2025-01-29,2025,01,Sudeste,São Paulo,Site,Ana,Pequena Empresa,Webcam Full HD,Acessórios,1,310.00,10,60.65,310.00,339.65,211.23,128.42,37.81,Cartão de Crédito,Concluído,4,3
PED-00787,2025-01-29,2025,01,Nordeste,Natal,Aplicativo,Ana,Média Empresa,Smartphone X,Telefonia,2,3200.00,20,88.58,6400.00,5208.58,4931.00,277.58,5.33,Boleto,Concluído,9,4
PED-01260,2025-01-29,2025,01,Sudeste,São Paulo,Marketplace,Henrique,Média Empresa,Impressora Wi-Fi,Escritório,6,760.00,0,49.00,4560.00,691.35,2641.08,-1949.73,-282.02,Cartão de Crédito,Devolvido,5,
PED-01319,2025-01-29,2025,01,Nordeste,Salvador,Site,Gabriela,Pessoa Física,Webcam Full HD,Acessórios,3,310.00,0,28.89,930.00,143.83,493.09,-349.26,-242.83,PIX,Devolvido,1,
PED-01376,2025-01-29,2025,01,Norte,Palmas,Loja Física,Gabriela,Pessoa Física,SSD 1 TB,Componentes,4,510.00,15,89.37,2040.00,273.51,1199.59,-926.08,-338.59,Boleto,Devolvido,10,
PED-00466,2025-01-30,2025,01,Nordeste,Natal,Aplicativo,Bruno,Pequena Empresa,Monitor 27,Eletrônicos,2,1450.00,5,41.43,2900.00,2796.43,2054.50,741.93,26.53,Cartão de Crédito,Concluído,11,5
PED-01268,2025-01-30,2025,01,Nordeste,Fortaleza,Loja Física,Daniel,Pessoa Física,SSD 1 TB,Componentes,2,510.00,10,40.39,1020.00,958.39,704.14,254.25,26.53,Transferência,Concluído,6,3
PED-01168,2025-01-31,2025,01,Sul,Porto Alegre,Site,Gabriela,Pequena Empresa,Mouse Sem Fio,Acessórios,5,145.00,5,94.85,725.00,783.60,443.20,340.40,43.44,Cartão de Crédito,Concluído,7,4
PED-00081,2025-02-01,2025,02,Norte,Palmas,Marketplace,Bruno,Pessoa Física,Notebook Lite 15,Eletrônicos,5,2850.00,0,7.68,14250.00,0.00,2.69,-2.69,0.00,Cartão de Crédito,Cancelado,3,
PED-00235,2025-02-01,2025,02,Norte,Belém,Marketplace,Gabriela,Pessoa Física,Impressora Wi-Fi,Escritório,1,760.00,0,18.05,760.00,116.71,443.12,-326.41,-279.68,Boleto,Devolvido,9,
PED-01015,2025-02-01,2025,02,Centro-Oeste,Cuiabá,Aplicativo,Eduarda,Pessoa Física,Notebook Lite 15,Eletrônicos,3,2850.00,20,9.24,8550.00,6849.24,6453.23,396.01,5.78,Transferência,Concluído,4,5
PED-00167,2025-02-02,2025,02,Sudeste,Campinas,Marketplace,Ana,Pequena Empresa,Monitor 24,Eletrônicos,3,920.00,0,80.31,2760.00,426.05,1655.89,-1229.84,-288.66,Cartão de Crédito,Devolvido,6,
PED-00593,2025-02-02,2025,02,Sudeste,Rio de Janeiro,Site,Gabriela,Pessoa Física,Memória RAM 16 GB,Componentes,1,390.00,10,6.65,390.00,357.65,247.33,110.32,30.85,PIX,Concluído,6,4
PED-00724,2025-02-02,2025,02,Norte,Porto Velho,Marketplace,Ana,Pessoa Física,Monitor 27,Eletrônicos,3,1450.00,15,18.32,4350.00,3715.82,3066.41,649.41,17.48,PIX,Concluído,9,1
PED-00902,2025-02-02,2025,02,Nordeste,Natal,Site,Felipe,Pequena Empresa,Smartphone X,Telefonia,3,3200.00,10,92.55,9600.00,8732.55,7382.39,1350.16,15.46,Cartão de Crédito,Concluído,9,3
PED-01318,2025-02-02,2025,02,Sudeste,Campinas,Site,Henrique,Pequena Empresa,SSD 1 TB,Componentes,4,510.00,5,52.32,2040.00,1990.32,1398.31,592.01,29.74,Boleto,Concluído,12,5
PED-00117,2025-02-03,2025,02,Nordeste,Fortaleza,Site,Bruno,Pessoa Física,Teclado Mecânico,Acessórios,2,350.00,5,61.71,700.00,726.71,441.60,285.11,39.23,PIX,Concluído,2,1
PED-00868,2025-02-03,2025,02,Nordeste,Fortaleza,Site,Felipe,Pessoa Física,Monitor 24,Eletrônicos,4,920.00,5,44.40,3680.00,3540.40,2575.54,964.86,27.25,Boleto,Concluído,10,4
PED-01280,2025-02-03,2025,02,Sul,Porto Alegre,Site,Carla,Pessoa Física,Tablet 10,Telefonia,5,1850.00,5,21.80,9250.00,8809.30,6607.63,2201.67,24.99,Cartão de Crédito,Concluído,1,2
PED-01394,2025-02-03,2025,02,Nordeste,Recife,Marketplace,Eduarda,Pessoa Física,Smartphone X,Telefonia,2,3200.00,0,84.18,6400.00,972.63,4190.04,-3217.41,-330.79,Transferência,Devolvido,2,
PED-00319,2025-02-04,2025,02,Sul,Curitiba,Site,Ana,Corporativo,Webcam Full HD,Acessórios,1,310.00,0,37.95,310.00,52.19,172.79,-120.60,-231.08,Transferência,Devolvido,7,
PED-00457,2025-02-05,2025,02,Norte,Belém,Site,Carla,Pessoa Física,Smartphone X,Telefonia,1,3200.00,0,88.45,3200.00,3288.45,2480.96,807.49,24.56,PIX,Concluído,8,5
PED-01148,2025-02-05,2025,02,Norte,Palmas,Loja Física,Felipe,Corporativo,Monitor 24,Eletrônicos,1,920.00,20,81.55,920.00,0.00,28.54,-28.54,0.00,Cartão de Crédito,Cancelado,12,
PED-01479,2025-02-05,2025,02,Sudeste,Rio de Janeiro,Marketplace,Bruno,Pessoa Física,Headset USB,Acessórios,1,260.00,5,61.93,260.00,308.93,176.68,132.25,42.81,PIX,Concluído,9,3
PED-00024,2025-02-06,2025,02,Sul,Porto Alegre,Marketplace,Ana,Pessoa Física,Smartphone Y,Telefonia,5,2150.00,15,81.77,10750.00,9219.27,7928.62,1290.65,14.00,Cartão de Crédito,Concluído,4,5
PED-00810,2025-02-06,2025,02,Sudeste,Campinas,Aplicativo,Daniel,Pequena Empresa,Notebook Pro 14,Eletrônicos,1,4200.00,0,77.32,4200.00,641.60,2700.50,-2058.90,-320.90,Boleto,Devolvido,8,
PED-00968,2025-02-06,2025,02,Sudeste,Campinas,Aplicativo,Gabriela,Pessoa Física,Monitor 24,Eletrônicos,3,920.00,5,71.07,2760.00,403.96,1653.14,-1249.18,-309.23,Boleto,Devolvido,8,
PED-01187,2025-02-06,2025,02,Sudeste,Rio de Janeiro,Site,Gabriela,Pessoa Física,SSD 1 TB,Componentes,2,510.00,5,92.35,1020.00,1061.35,722.32,339.03,31.94,Transferência,Concluído,1,5
PED-00064,2025-02-07,2025,02,Sul,Florianópolis,Aplicativo,Henrique,Pessoa Física,Teclado Mecânico,Acessórios,6,350.00,0,13.69,2100.00,317.05,1075.07,-758.02,-239.09,Cartão de Crédito,Devolvido,3,
PED-00112,2025-02-07,2025,02,Sudeste,Rio de Janeiro,Aplicativo,Felipe,Corporativo,Mesa Home Office,Móveis,2,980.00,20,51.59,1960.00,1619.59,1258.06,361.53,22.32,PIX,Concluído,1,5
PED-00539,2025-02-07,2025,02,Centro-Oeste,Brasília,Aplicativo,Eduarda,Pessoa Física,Teclado Mecânico,Acessórios,5,350.00,10,82.99,1750.00,248.70,917.19,-668.49,-268.79,Boleto,Devolvido,12,
PED-00564,2025-02-07,2025,02,Sul,Porto Alegre,Site,Gabriela,Pessoa Física,Cadeira Ergonômica,Móveis,1,1350.00,5,16.20,1350.00,1298.70,885.67,413.03,31.80,PIX,Concluído,11,5
PED-01059,2025-02-07,2025,02,Sudeste,Rio de Janeiro,Site,Carla,Pessoa Física,Tablet 10,Telefonia,3,1850.00,0,7.53,5550.00,5557.53,3962.64,1594.89,28.70,PIX,Concluído,8,3
PED-01458,2025-02-07,2025,02,Sudeste,Belo Horizonte,Marketplace,Ana,Pessoa Física,Monitor 27,Eletrônicos,1,1450.00,15,67.34,1450.00,1299.84,1043.57,256.27,19.72,Transferência,Concluído,2,5
PED-00244,2025-02-08,2025,02,Sudeste,Rio de Janeiro,Marketplace,Gabriela,Pessoa Física,Mouse Sem Fio,Acessórios,5,145.00,5,22.57,725.00,106.70,355.21,-248.51,-232.91,Boleto,Devolvido,8,
PED-00609,2025-02-08,2025,02,Norte,Palmas,Loja Física,Felipe,Pessoa Física,Webcam Full HD,Acessórios,1,310.00,10,3.76,310.00,282.76,191.32,91.44,32.34,Cartão de Crédito,Concluído,11,5
PED-01089,2025-02-09,2025,02,Nordeste,Fortaleza,Loja Física,Felipe,Pessoa Física,Notebook Pro 14,Eletrônicos,1,4200.00,10,92.08,4200.00,3872.08,3182.23,689.85,17.82,Boleto,Concluído,4,3
PED-00807,2025-02-10,2025,02,Sudeste,São Paulo,Site,Eduarda,Corporativo,Headset USB,Acessórios,2,260.00,10,49.48,520.00,517.48,327.32,190.16,36.75,Cartão de Crédito,Concluído,5,5
PED-01138,2025-02-10,2025,02,Sudeste,Rio de Janeiro,Site,Henrique,Pequena Empresa,Memória RAM 16 GB,Componentes,4,390.00,0,59.32,1560.00,242.90,850.65,-607.75,-250.21,PIX,Devolvido,9,
PED-01438,2025-02-10,2025,02,Sudeste,São Paulo,Site,Carla,Pessoa Física,Tablet 10,Telefonia,4,1850.00,5,9.92,7400.00,7039.92,5283.47,1756.45,24.95,PIX,Concluído,1,4
PED-01416,2025-02-11,2025,02,Sudeste,Rio de Janeiro,Loja Física,Carla,Pessoa Física,Notebook Lite 15,Eletrônicos,3,2850.00,0,14.42,8550.00,8564.42,6455.05,2109.37,24.63,Boleto,Concluído,2,4
PED-00535,2025-02-12,2025,02,Sudeste,São Paulo,Aplicativo,Felipe,Pessoa Física,Monitor 27,Eletrônicos,1,1450.00,5,48.06,1450.00,213.83,881.30,-667.47,-312.15,PIX,Devolvido,2,
PED-00558,2025-02-12,2025,02,Centro-Oeste,Cuiabá,Loja Física,Carla,Pessoa Física,Notebook Pro 14,Eletrônicos,6,4200.00,5,56.80,25200.00,3599.52,16081.90,-12482.38,-346.78,Boleto,Devolvido,7,
PED-00624,2025-02-12,2025,02,Sudeste,São Paulo,Site,Eduarda,Corporativo,Monitor 27,Eletrônicos,2,1450.00,5,40.80,2900.00,2795.80,2054.28,741.52,26.52,Boleto,Concluído,11,5
PED-00670,2025-02-12,2025,02,Sudeste,Campinas,Aplicativo,Bruno,Corporativo,Headset USB,Acessórios,3,260.00,5,45.05,780.00,786.05,480.77,305.28,38.84,Cartão de Crédito,Concluído,9,5
PED-00961,2025-02-12,2025,02,Sudeste,Rio de Janeiro,Site,Bruno,Pessoa Física,SSD 1 TB,Componentes,5,510.00,5,17.42,2550.00,2439.92,1731.10,708.82,29.05,Boleto,Concluído,3,5
PED-01050,2025-02-12,2025,02,Sudeste,Belo Horizonte,Site,Bruno,Corporativo,Monitor 24,Eletrônicos,3,920.00,0,84.67,2760.00,0.00,29.63,-29.63,0.00,Cartão de Crédito,Cancelado,1,
PED-01256,2025-02-12,2025,02,Sudeste,Belo Horizonte,Marketplace,Carla,Corporativo,Impressora Wi-Fi,Escritório,4,760.00,5,54.70,3040.00,2942.70,2079.14,863.56,29.35,Cartão de Crédito,Concluído,1,5
PED-01439,2025-02-12,2025,02,Sul,Porto Alegre,Marketplace,Henrique,Pessoa Física,Smartphone X,Telefonia,5,3200.00,20,52.57,16000.00,12852.57,12268.40,584.17,4.55,Transferência,Concluído,4,1
PED-00326,2025-02-13,2025,02,Sudeste,Belo Horizonte,Marketplace,Eduarda,Pessoa Física,Memória RAM 16 GB,Componentes,10,390.00,15,26.63,3900.00,3341.63,2459.32,882.31,26.40,Transferência,Concluído,10,3
PED-01154,2025-02-13,2025,02,Nordeste,Fortaleza,Site,Gabriela,Pessoa Física,Smartphone Y,Telefonia,8,2150.00,10,49.34,17200.00,15529.34,12657.27,2872.07,18.49,Transferência,Concluído,2,5
PED-00352,2025-02-14,2025,02,Sudeste,São Paulo,Site,Henrique,Pessoa Física,Teclado Mecânico,Acessórios,1,350.00,10,36.92,350.00,351.92,222.92,129.00,36.66,Boleto,Concluído,9,5
PED-00023,2025-02-15,2025,02,Sudeste,Rio de Janeiro,Loja Física,Eduarda,Pessoa Física,Notebook Pro 14,Eletrônicos,2,4200.00,10,53.29,8400.00,7613.29,6318.65,1294.64,17.01,PIX,Concluído,2,5
PED-00795,2025-02-15,2025,02,Norte,Manaus,Site,Daniel,Média Empresa,Mesa Home Office,Móveis,2,980.00,10,48.28,1960.00,0.00,16.90,-16.90,0.00,Boleto,Cancelado,12,
PED-01218,2025-02-15,2025,02,Nordeste,Natal,Marketplace,Henrique,Pessoa Física,Cadeira Ergonômica,Móveis,2,1350.00,10,33.18,2700.00,2463.18,1771.61,691.57,28.08,Boleto,Concluído,12,5
PED-01378,2025-02-16,2025,02,Sudeste,São Paulo,Site,Ana,Pequena Empresa,Mouse Sem Fio,Acessórios,2,145.00,5,94.35,290.00,0.00,33.02,-33.02,0.00,Transferência,Cancelado,11,
PED-00067,2025-02-17,2025,02,Nordeste,Fortaleza,Site,Gabriela,Pessoa Física,Smartphone X,Telefonia,2,3200.00,10,75.29,6400.00,5835.29,4926.35,908.94,15.58,Transferência,Concluído,3,2
PED-00304,2025-02-17,2025,02,Norte,Porto Velho,Site,Eduarda,Média Empresa,Notebook Lite 15,Eletrônicos,1,2850.00,5,16.52,2850.00,408.60,1832.41,-1423.81,-348.46,Boleto,Devolvido,7,
PED-01358,2025-02-17,2025,02,Centro-Oeste,Campo Grande,Aplicativo,Bruno,Pessoa Física,Smartphone Y,Telefonia,6,2150.00,5,49.32,12900.00,12304.32,9497.26,2807.06,22.81,PIX,Concluído,1,1
PED-00489,2025-02-18,2025,02,Norte,Palmas,Loja Física,Bruno,Pequena Empresa,Mesa Home Office,Móveis,2,980.00,10,25.97,1960.00,0.00,9.09,-9.09,0.00,Transferência,Cancelado,9,
PED-00602,2025-02-18,2025,02,Sudeste,Belo Horizonte,Marketplace,Ana,Pessoa Física,Monitor 27,Eletrônicos,2,1450.00,0,23.72,2900.00,2923.72,2048.30,875.42,29.94,Transferência,Concluído,4,2
PED-00734,2025-02-18,2025,02,Sudeste,Campinas,Marketplace,Bruno,Média Empresa,Tablet 10,Telefonia,6,1850.00,0,21.28,11100.00,11121.28,7927.45,3193.83,28.72,Boleto,Concluído,3,3
PED-00164,2025-02-19,2025,02,Sudeste,Rio de Janeiro,Site,Carla,Pessoa Física,Notebook Pro 14,Eletrônicos,2,4200.00,5,58.69,8400.00,1205.80,5372.46,-4166.66,-345.55,Transferência,Devolvido,10,
PED-00468,2025-02-19,2025,02,Sudeste,São Paulo,Marketplace,Carla,Pequena Empresa,Mesa Home Office,Móveis,2,980.00,0,30.65,1960.00,1990.65,1250.73,739.92,37.17,Boleto,Concluído,11,5
PED-00918,2025-02-19,2025,02,Norte,Manaus,Site,Ana,Média Empresa,Headset USB,Acessórios,1,260.00,5,1.11,260.00,248.11,155.39,92.72,37.37,PIX,Concluído,8,5
PED-01032,2025-02-19,2025,02,Sul,Londrina,Site,Henrique,Pessoa Física,Cadeira Ergonômica,Móveis,1,1350.00,0,31.48,1350.00,1381.48,891.02,490.46,35.50,Cartão de Crédito,Concluído,11,3
PED-00342,2025-02-20,2025,02,Sudeste,São Paulo,Site,Carla,Pequena Empresa,Notebook Pro 14,Eletrônicos,3,4200.00,0,14.31,12600.00,12614.31,9455.01,3159.30,25.05,Boleto,Concluído,4,4
PED-00353,2025-02-20,2025,02,Sudeste,São Paulo,Site,Daniel,Pequena Empresa,Smartphone Y,Telefonia,6,2150.00,15,44.47,12900.00,1651.42,8071.23,-6419.81,-388.74,Boleto,Devolvido,1,
PED-00386,2025-02-20,2025,02,Sudeste,Belo Horizonte,Site,Ana,Pequena Empresa,Mouse Sem Fio,Acessórios,4,145.00,0,87.44,580.00,667.44,358.60,308.84,46.27,PIX,Concluído,2,4
PED-00016,2025-02-21,2025,02,Norte,Belém,Site,Henrique,Pessoa Física,Notebook Pro 14,Eletrônicos,5,4200.00,15,15.64,21000.00,17865.64,15755.47,2110.17,11.81,Transferência,Concluído,7,3
PED-00034,2025-02-21,2025,02,Centro-Oeste,Brasília,Marketplace,Henrique,Pequena Empresa,Webcam Full HD,Acessórios,10,310.00,10,90.25,3100.00,2880.25,1931.59,948.66,32.94,Transferência,Concluído,10,5
PED-00129,2025-02-21,2025,02,Sul,Londrina,Site,Ana,Média Empresa,Mesa Home Office,Móveis,2,980.00,15,69.11,1960.00,1735.11,1264.19,470.92,27.14,Cartão de Crédito,Concluído,6,2
PED-00140,2025-02-21,2025,02,Nordeste,Salvador,Site,Felipe,Pequena Empresa,Webcam Full HD,Acessórios,1,310.00,10,0.49,310.00,0.00,0.17,-0.17,0.00,Transferência,Cancelado,3,
PED-00754,2025-02-21,2025,02,Sudeste,Belo Horizonte,Loja Física,Carla,Corporativo,Cadeira Ergonômica,Móveis,3,1350.00,0,69.64,4050.00,4119.64,2664.37,1455.27,35.33,Boleto,Concluído,10,5
PED-01333,2025-02-21,2025,02,Centro-Oeste,Campo Grande,Marketplace,Daniel,Pessoa Física,Smartphone X,Telefonia,8,3200.00,10,14.68,25600.00,0.00,5.14,-5.14,0.00,PIX,Cancelado,8,
PED-00059,2025-02-22,2025,02,Sudeste,Rio de Janeiro,Aplicativo,Henrique,Média Empresa,Headset USB,Acessórios,2,260.00,0,59.85,520.00,579.85,330.95,248.90,42.92,Cartão de Crédito,Concluído,12,3
PED-01461,2025-02-22,2025,02,Sudeste,Campinas,Loja Física,Henrique,Pequena Empresa,Mouse Sem Fio,Acessórios,3,145.00,15,80.34,435.00,450.09,274.12,175.97,39.10,PIX,Concluído,3,4
PED-01106,2025-02-23,2025,02,Sudeste,São Paulo,Site,Henrique,Pessoa Física,Teclado Mecânico,Acessórios,4,350.00,5,10.15,1400.00,1340.15,843.55,496.60,37.06,PIX,Concluído,10,5
PED-01353,2025-02-23,2025,02,Nordeste,Recife,Site,Carla,Corporativo,Cadeira Ergonômica,Móveis,4,1350.00,5,30.09,5400.00,5160.09,3530.53,1629.56,31.58,Cartão de Crédito,Concluído,4,5
PED-00439,2025-02-24,2025,02,Sudeste,Rio de Janeiro,Loja Física,Henrique,Pessoa Física,Headset USB,Acessórios,1,260.00,15,5.13,260.00,226.13,156.80,69.33,30.66,Boleto,Concluído,5,3
PED-00512,2025-02-24,2025,02,Sudeste,Rio de Janeiro,Site,Henrique,Pessoa Física,Headset USB,Acessórios,3,260.00,5,94.54,780.00,835.54,498.09,337.45,40.39,Transferência,Concluído,1,4
PED-01223,2025-02-24,2025,02,Sul,Curitiba,Site,Gabriela,Pessoa Física,Monitor 27,Eletrônicos,1,1450.00,0,11.49,1450.00,219.22,870.42,-651.20,-297.05,Transferência,Devolvido,1,
PED-01270,2025-02-24,2025,02,Nordeste,Natal,Site,Carla,Pessoa Física,Notebook Pro 14,Eletrônicos,1,4200.00,0,72.39,4200.00,4272.39,3175.34,1097.05,25.68,Transferência,Concluído,7,5
PED-00272,2025-02-25,2025,02,Nordeste,Recife,Marketplace,Henrique,Média Empresa,Notebook Pro 14,Eletrônicos,5,4200.00,0,46.71,21000.00,21046.71,15766.35,5280.36,25.09,Cartão de Crédito,Concluído,6,5
PED-00442,2025-02-25,2025,02,Sudeste,Campinas,Site,Felipe,Pessoa Física,Impressora Wi-Fi,Escritório,3,760.00,10,92.68,2280.00,2144.68,1577.44,567.24,26.45,Cartão de Crédito,Concluído,6,3
PED-01315,2025-02-25,2025,02,Sudeste,São Paulo,Marketplace,Felipe,Média Empresa,Mouse Sem Fio,Acessórios,1,145.00,15,25.46,145.00,148.71,90.91,57.80,38.87,Cartão de Crédito,Concluído,11,3
PED-00495,2025-02-26,2025,02,Sudeste,Belo Horizonte,Aplicativo,Gabriela,Média Empresa,Monitor 24,Eletrônicos,3,920.00,15,37.71,2760.00,357.56,1643.22,-1285.66,-359.56,PIX,Devolvido,3,
PED-00006,2025-02-27,2025,02,Centro-Oeste,Cuiabá,Marketplace,Bruno,Pessoa Física,Webcam Full HD,Acessórios,6,310.00,15,29.89,1860.00,241.63,977.89,-736.26,-304.71,Transferência,Devolvido,8,
PED-00839,2025-02-27,2025,02,Nordeste,Salvador,Site,Eduarda,Corporativo,SSD 1 TB,Componentes,1,510.00,10,1.58,510.00,69.09,293.72,-224.63,-325.13,PIX,Devolvido,6,
PED-00886,2025-02-27,2025,02,Sul,Porto Alegre,Site,Carla,Pequena Empresa,SSD 1 TB,Componentes,3,510.00,0,65.52,1530.00,1595.52,1057.93,537.59,33.69,Boleto,Concluído,3,2
PED-00986,2025-02-27,2025,02,Sudeste,São Paulo,Site,Bruno,Pessoa Física,Teclado Mecânico,Acessórios,4,350.00,0,4.75,1400.00,1404.75,841.66,563.09,40.08,PIX,Concluído,7,4
PED-01078,2025-02-28,2025,02,Sudeste,Campinas,Site,Henrique,Corporativo,Impressora Wi-Fi,Escritório,1,760.00,5,29.26,760.00,751.26,525.24,226.02,30.09,Transferência,Concluído,8,5
PED-01423,2025-02-28,2025,02,Centro-Oeste,Campo Grande,Marketplace,Carla,Pequena Empresa,Webcam Full HD,Acessórios,1,310.00,5,18.69,310.00,313.19,196.54,116.65,37.25,Transferência,Concluído,9,4
PED-01401,2025-03-01,2025,03,Centro-Oeste,Campo Grande,Aplicativo,Eduarda,Pequena Empresa,SSD 1 TB,Componentes,2,510.00,10,91.05,1020.00,1009.05,721.87,287.18,28.46,Transferência,Concluído,11,5
PED-00013,2025-03-02,2025,03,Sudeste,São Paulo,Aplicativo,Bruno,Pessoa Física,Webcam Full HD,Acessórios,1,310.00,5,51.23,310.00,51.86,176.74,-124.88,-240.80,Transferência,Devolvido,10,
PED-00824,2025-03-02,2025,03,Sudeste,Belo Horizonte,Loja Física,Carla,Pessoa Física,Memória RAM 16 GB,Componentes,3,390.00,10,82.79,1170.00,1135.79,763.98,371.81,32.74,Transferência,Concluído,12,3
PED-00898,2025-03-02,2025,03,Sudeste,Belo Horizonte,Site,Felipe,Pessoa Física,Monitor 27,Eletrônicos,1,1450.00,5,83.68,1450.00,1461.18,1049.29,411.89,28.19,Transferência,Concluído,6,5
PED-01468,2025-03-02,2025,03,Centro-Oeste,Brasília,Aplicativo,Bruno,Pessoa Física,Smartphone X,Telefonia,1,3200.00,15,28.44,3200.00,412.27,2090.96,-1678.69,-407.18,PIX,Devolvido,8,
PED-00052,2025-03-03,2025,03,Norte,Belém,Marketplace,Eduarda,Pequena Empresa,Monitor 27,Eletrônicos,1,1450.00,0,7.13,1450.00,1457.13,1022.50,434.63,29.83,Transferência,Concluído,7,4
PED-00492,2025-03-03,2025,03,Sudeste,Rio de Janeiro,Site,Eduarda,Média Empresa,Headset USB,Acessórios,2,260.00,15,86.56,520.00,79.28,289.25,-209.97,-264.85,Transferência,Devolvido,4,
PED-00574,2025-03-03,2025,03,Sudeste,Campinas,Marketplace,Felipe,Pessoa Física,Teclado Mecânico,Acessórios,5,350.00,10,14.00,1750.00,1589.00,1054.90,534.10,33.61,Boleto,Concluído,10,4
PED-01070,2025-03-03,2025,03,Sul,Florianópolis,Site,Gabriela,Pessoa Física,Notebook Pro 14,Eletrônicos,3,4200.00,5,31.02,12600.00,12001.02,9460.86,2540.16,21.17,Cartão de Crédito,Concluído,1,5
PED-01200,2025-03-03,2025,03,Nordeste,Salvador,Site,Carla,Pessoa Física,Teclado Mecânico,Acessórios,2,350.00,10,72.86,700.00,702.86,445.50,257.36,36.62,Boleto,Concluído,3,5
PED-01373,2025-03-03,2025,03,Centro-Oeste,Goiânia,Site,Carla,Pessoa Física,Memória RAM 16 GB,Componentes,1,390.00,0,59.16,390.00,67.37,225.85,-158.48,-235.24,Cartão de Crédito,Devolvido,8,
PED-00015,2025-03-04,2025,03,Nordeste,Salvador,Site,Daniel,Pessoa Física,Tablet 10,Telefonia,1,1850.00,0,43.95,1850.00,1893.95,1335.38,558.57,29.49,Cartão de Crédito,Concluído,8,5
PED-00416,2025-03-04,2025,03,Sul,Curitiba,Loja Física,Eduarda,Média Empresa,Memória RAM 16 GB,Componentes,3,390.00,0,7.84,1170.00,0.00,2.74,-2.74,0.00,Boleto,Cancelado,2,
PED-00434,2025-03-06,2025,03,Sul,Londrina,Site,Carla,Pessoa Física,Headset USB,Acessórios,8,260.00,0,4.33,2080.00,2084.33,1241.52,842.81,40.44,Boleto,Concluído,6,2
PED-01018,2025-03-06,2025,03,Sudeste,Campinas,Loja Física,Ana,Pessoa Física,Teclado Mecânico,Acessórios,2,350.00,5,16.63,700.00,681.63,425.82,255.81,37.53,Cartão de Crédito,Concluído,10,5
PED-01098,2025-03-06,2025,03,Sudeste,Rio de Janeiro,Marketplace,Daniel,Pessoa Física,Mouse Sem Fio,Acessórios,6,145.00,10,2.83,870.00,785.83,492.99,292.84,37.27,Transferência,Concluído,7,3
PED-00565,2025-03-08,2025,03,Nordeste,Recife,Site,Daniel,Média Empresa,Teclado Mecânico,Acessórios,3,350.00,0,80.53,1050.00,1130.53,658.19,472.34,41.78,Boleto,Concluído,12,5
PED-01457,2025-03-08,2025,03,Sudeste,Campinas,Site,Eduarda,Média Empresa,Mesa Home Office,Móveis,3,980.00,5,92.31,2940.00,2885.31,1892.31,993.00,34.42,Cartão de Crédito,Concluído,1,5
PED-00121,2025-03-09,2025,03,Sudeste,Campinas,Marketplace,Gabriela,Média Empresa,Mesa Home Office,Móveis,1,980.00,20,61.02,980.00,845.02,641.36,203.66,24.10,Boleto,Concluído,8,5
PED-00247,2025-03-09,2025,03,Nordeste,Natal,Site,Ana,Pessoa Física,Mesa Home Office,Móveis,5,980.00,0,5.47,4900.00,4905.47,3101.91,1803.56,36.77,Boleto,Concluído,8,2
PED-00571,2025-03-09,2025,03,Nordeste,Salvador,Site,Gabriela,Pessoa Física,Monitor 27,Eletrônicos,3,1450.00,5,82.14,4350.00,632.20,2625.44,-1993.24,-315.29,Cartão de Crédito,Devolvido,10,
PED-01141,2025-03-09,2025,03,Nordeste,Fortaleza,Loja Física,Eduarda,Pessoa Física,Teclado Mecânico,Acessórios,1,350.00,0,39.88,350.00,58.48,190.37,-131.89,-225.53,Boleto,Devolvido,3,
PED-00084,2025-03-10,2025,03,Centro-Oeste,Brasília,Marketplace,Felipe,Média Empresa,Monitor 24,Eletrônicos,2,920.00,10,53.35,1840.00,1709.35,1298.67,410.68,24.03,Boleto,Concluído,11,3
PED-00183,2025-03-10,2025,03,Sudeste,São Paulo,Site,Felipe,Pequena Empresa,Mesa Home Office,Móveis,3,980.00,0,93.47,2940.00,3033.47,1892.71,1140.76,37.61,PIX,Concluído,9,3
PED-00761,2025-03-10,2025,03,Sudeste,São Paulo,Marketplace,Daniel,Pessoa Física,Notebook Pro 14,Eletrônicos,2,4200.00,15,42.16,8400.00,7182.16,6314.76,867.40,12.08,Transferência,Concluído,2,4
PED-01000,2025-03-10,2025,03,Sudeste,Rio de Janeiro,Loja Física,Eduarda,Pequena Empresa,SSD 1 TB,Componentes,2,510.00,10,45.01,1020.00,963.01,705.75,257.26,26.71,Boleto,Concluído,11,1
PED-01341,2025-03-10,2025,03,Sudeste,Rio de Janeiro,Marketplace,Daniel,Corporativo,Tablet 10,Telefonia,2,1850.00,0,5.31,3700.00,3705.31,2641.86,1063.45,28.70,Transferência,Concluído,9,5
PED-00481,2025-03-11,2025,03,Nordeste,Recife,Marketplace,Felipe,Pessoa Física,Memória RAM 16 GB,Componentes,3,390.00,0,7.27,1170.00,0.00,2.54,-2.54,0.00,Transferência,Cancelado,8,
PED-00767,2025-03-11,2025,03,Sudeste,Campinas,Marketplace,Carla,Pessoa Física,Memória RAM 16 GB,Componentes,6,390.00,10,49.92,2340.00,2155.92,1487.47,668.45,31.01,Boleto,Concluído,12,4
PED-01331,2025-03-11,2025,03,Centro-Oeste,Brasília,Marketplace,Henrique,Pequena Empresa,Smartphone Y,Telefonia,3,2150.00,10,41.20,6450.00,5846.20,4754.42,1091.78,18.68,Boleto,Concluído,9,4
PED-00066,2025-03-12,2025,03,Nordeste,Fortaleza,Aplicativo,Bruno,Pessoa Física,Webcam Full HD,Acessórios,1,310.00,10,82.90,310.00,361.90,219.01,142.89,39.48,Cartão de Crédito,Concluído,3,5
PED-00201,2025-03-12,2025,03,Sul,Porto Alegre,Marketplace,Daniel,Pequena Empresa,Notebook Pro 14,Eletrônicos,1,4200.00,5,65.22,4200.00,4055.22,3172.83,882.39,21.76,PIX,Concluído,2,5
PED-00400,2025-03-14,2025,03,Sul,Florianópolis,Marketplace,Ana,Pessoa Física,Mesa Home Office,Móveis,2,980.00,10,10.06,1960.00,1774.06,1243.52,530.54,29.91,PIX,Concluído,2,4
PED-00777,2025-03-14,2025,03,Sul,Curitiba,Aplicativo,Henrique,Corporativo,Impressora Wi-Fi,Escritório,1,760.00,0,3.38,760.00,0.00,1.18,-1.18,0.00,Boleto,Cancelado,4,
PED-01306,2025-03-14,2025,03,Sul,Curitiba,Site,Henrique,Pessoa Física,Impressora Wi-Fi,Escritório,3,760.00,20,8.23,2280.00,0.00,2.88,-2.88,0.00,Boleto,Cancelado,10,
PED-01322,2025-03-14,2025,03,Sudeste,Campinas,Marketplace,Ana,Pequena Empresa,Notebook Lite 15,Eletrônicos,2,2850.00,5,86.83,5700.00,0.00,30.39,-30.39,0.00,Cartão de Crédito,Cancelado,1,
PED-00794,2025-03-15,2025,03,Centro-Oeste,Goiânia,Site,Felipe,Pessoa Física,Impressora Wi-Fi,Escritório,2,760.00,10,44.72,1520.00,1412.72,1045.65,367.07,25.98,Boleto,Concluído,10,2
PED-00297,2025-03-16,2025,03,Nordeste,Fortaleza,Site,Henrique,Corporativo,Mesa Home Office,Móveis,2,980.00,10,22.28,1960.00,1786.28,1247.80,538.48,30.15,PIX,Concluído,10,2
PED-01156,2025-03-16,2025,03,Norte,Belém,Site,Carla,Pequena Empresa,Smartphone X,Telefonia,1,3200.00,5,4.94,3200.00,3044.94,2451.73,593.21,19.48,Transferência,Concluído,9,4
PED-01184,2025-03-16,2025,03,Sudeste,Campinas,Aplicativo,Ana,Pessoa Física,Teclado Mecânico,Acessórios,2,350.00,10,22.35,700.00,0.00,7.82,-7.82,0.00,Boleto,Cancelado,10,
PED-00179,2025-03-17,2025,03,Norte,Palmas,Marketplace,Gabriela,Pessoa Física,SSD 1 TB,Componentes,4,510.00,5,85.07,2040.00,0.00,29.77,-29.77,0.00,Cartão de Crédito,Cancelado,10,
PED-01066,2025-03-17,2025,03,Centro-Oeste,Brasília,Marketplace,Gabriela,Pessoa Física,Smartphone Y,Telefonia,1,2150.00,0,46.29,2150.00,2196.29,1596.20,600.09,27.32,PIX,Concluído,4,4
PED-01153,2025-03-17,2025,03,Sul,Florianópolis,Site,Bruno,Pessoa Física,Webcam Full HD,Acessórios,6,310.00,10,81.44,1860.00,1755.44,1168.50,586.94,33.44,Transferência,Concluído,3,4
PED-01340,2025-03-17,2025,03,Sudeste,São Paulo,Aplicativo,Carla,Pequena Empresa,Memória RAM 16 GB,Componentes,8,390.00,0,89.69,3120.00,3209.69,1991.39,1218.30,37.96,Boleto,Concluído,5,3
PED-00116,2025-03-18,2025,03,Sudeste,Rio de Janeiro,Aplicativo,Carla,Média Empresa,Tablet 10,Telefonia,3,1850.00,5,11.99,5550.00,5284.49,3964.20,1320.29,24.98,Transferência,Concluído,11,4
PED-00568,2025-03-18,2025,03,Sudeste,Belo Horizonte,Site,Bruno,Pessoa Física,Webcam Full HD,Acessórios,2,310.00,0,75.74,620.00,695.74,406.51,289.23,41.57,Transferência,Concluído,5,3
PED-00985,2025-03-19,2025,03,Nordeste,Fortaleza,Aplicativo,Bruno,Pessoa Física,Notebook Pro 14,Eletrônicos,3,4200.00,15,43.77,12600.00,10753.77,9465.32,1288.45,11.98,Cartão de Crédito,Concluído,11,3
PED-00686,2025-03-20,2025,03,Centro-Oeste,Goiânia,Loja Física,Carla,Pessoa Física,Notebook Pro 14,Eletrônicos,2,4200.00,10,74.63,8400.00,7634.63,6326.12,1308.51,17.14,Transferência,Concluído,2,3
PED-01096,2025-03-20,2025,03,Centro-Oeste,Brasília,Aplicativo,Bruno,Pequena Empresa,Teclado Mecânico,Acessórios,4,350.00,20,91.69,1400.00,1211.69,872.09,339.60,28.03,Transferência,Concluído,8,4
PED-01120,2025-03-20,2025,03,Sul,Porto Alegre,Site,Ana,Pessoa Física,Monitor 27,Eletrônicos,2,1450.00,20,6.90,2900.00,349.04,1736.05,-1387.01,-397.38,Transferência,Devolvido,9,
PED-00305,2025-03-21,2025,03,Sudeste,Rio de Janeiro,Marketplace,Felipe,Média Empresa,Cadeira Ergonômica,Móveis,1,1350.00,15,84.28,1350.00,1231.78,909.50,322.28,26.16,Transferência,Concluído,9,5
PED-00472,2025-03-21,2025,03,Nordeste,Natal,Site,Bruno,Pessoa Física,Notebook Pro 14,Eletrônicos,3,4200.00,10,44.56,12600.00,11384.56,9465.60,1918.96,16.86,Cartão de Crédito,Concluído,1,2
PED-01069,2025-03-21,2025,03,Sudeste,Campinas,Site,Henrique,Pessoa Física,Mesa Home Office,Móveis,1,980.00,5,48.14,980.00,979.14,636.85,342.29,34.96,Boleto,Concluído,2,3
PED-01372,2025-03-21,2025,03,Sudeste,Belo Horizonte,Site,Bruno,Pessoa Física,Smartphone X,Telefonia,2,3200.00,20,56.14,6400.00,5176.14,4919.65,256.49,4.96,PIX,Concluído,9,4
PED-00699,2025-03-22,2025,03,Norte,Belém,Aplicativo,Carla,Pequena Empresa,Monitor 24,Eletrônicos,1,920.00,20,49.05,920.00,117.76,558.59,-440.83,-374.35,Boleto,Devolvido,10,
PED-00613,2025-03-23,2025,03,Sudeste,Rio de Janeiro,Marketplace,Gabriela,Pessoa Física,Smartphone Y,Telefonia,3,2150.00,10,77.86,6450.00,5882.86,4767.25,1115.61,18.96,Transferência,Concluído,1,5
PED-00623,2025-03-23,2025,03,Sudeste,São Paulo,Site,Felipe,Pessoa Física,Mesa Home Office,Móveis,1,980.00,5,72.25,980.00,1003.25,645.29,357.96,35.68,Cartão de Crédito,Concluído,1,3
PED-01105,2025-03-23,2025,03,Centro-Oeste,Cuiabá,Site,Gabriela,Pequena Empresa,Mesa Home Office,Móveis,1,980.00,15,39.92,980.00,130.94,538.87,-407.93,-311.54,Boleto,Devolvido,6,
PED-00258,2025-03-24,2025,03,Sudeste,Rio de Janeiro,Site,Ana,Pessoa Física,Memória RAM 16 GB,Componentes,1,390.00,10,16.02,390.00,367.02,250.61,116.41,31.72,Cartão de Crédito,Concluído,8,5
PED-00449,2025-03-24,2025,03,Nordeste,Salvador,Marketplace,Felipe,Média Empresa,Smartphone X,Telefonia,1,3200.00,5,58.82,3200.00,3098.82,2470.59,628.23,20.27,Cartão de Crédito,Concluído,6,3
PED-00019,2025-03-25,2025,03,Nordeste,Fortaleza,Aplicativo,Daniel,Pequena Empresa,Impressora Wi-Fi,Escritório,1,760.00,0,12.43,760.00,115.86,441.45,-325.59,-281.02,Transferência,Devolvido,5,
PED-00300,2025-03-25,2025,03,Centro-Oeste,Goiânia,Aplicativo,Daniel,Pessoa Física,Cadeira Ergonômica,Móveis,5,1350.00,0,7.16,6750.00,6757.16,4402.51,2354.65,34.85,Transferência,Concluído,9,5
PED-01007,2025-03-25,2025,03,Sudeste,São Paulo,Marketplace,Ana,Pessoa Física,Impressora Wi-Fi,Escritório,3,760.00,5,14.72,2280.00,2180.72,1550.15,630.57,28.92,Cartão de Crédito,Concluído,4,4
PED-01107,2025-03-25,2025,03,Sudeste,São Paulo,Loja Física,Ana,Pessoa Física,Smartphone X,Telefonia,3,3200.00,0,70.10,9600.00,1450.52,6268.35,-4817.83,-332.15,PIX,Devolvido,9,
PED-01169,2025-03-25,2025,03,Centro-Oeste,Cuiabá,Loja Física,Ana,Pessoa Física,Headset USB,Acessórios,1,260.00,5,58.15,260.00,305.15,175.35,129.80,42.54,Cartão de Crédito,Concluído,2,4
PED-01030,2025-03-26,2025,03,Nordeste,Salvador,Marketplace,Felipe,Pessoa Física,Webcam Full HD,Acessórios,10,310.00,0,29.43,3100.00,469.41,1623.75,-1154.34,-245.91,PIX,Devolvido,8,
PED-01316,2025-03-26,2025,03,Sudeste,Belo Horizonte,Loja Física,Felipe,Média Empresa,Teclado Mecânico,Acessórios,1,350.00,0,39.68,350.00,58.45,190.31,-131.86,-225.59,Cartão de Crédito,Devolvido,1,
PED-00105,2025-03-27,2025,03,Sudeste,Rio de Janeiro,Loja Física,Bruno,Corporativo,Mouse Sem Fio,Acessórios,1,145.00,5,33.21,145.00,170.96,93.62,77.34,45.24,Boleto,Concluído,7,2
PED-00614,2025-03-27,2025,03,Sul,Porto Alegre,Marketplace,Carla,Pessoa Física,Mesa Home Office,Móveis,2,980.00,5,35.64,1960.00,0.00,12.47,-12.47,0.00,Cartão de Crédito,Cancelado,8,
PED-01131,2025-03-27,2025,03,Sul,Curitiba,Site,Felipe,Pessoa Física,Smartphone X,Telefonia,4,3200.00,0,46.60,12800.00,12846.60,9816.31,3030.29,23.59,PIX,Concluído,3,5
PED-00336,2025-03-28,2025,03,Sudeste,Rio de Janeiro,Loja Física,Henrique,Pequena Empresa,Tablet 10,Telefonia,1,1850.00,15,2.71,1850.00,236.28,1122.81,-886.53,-375.20,Boleto,Devolvido,6,
PED-00984,2025-03-28,2025,03,Centro-Oeste,Brasília,Site,Carla,Média Empresa,Smartphone X,Telefonia,1,3200.00,0,35.47,3200.00,3235.47,2462.41,773.06,23.89,Cartão de Crédito,Concluído,10,5
PED-01278,2025-03-28,2025,03,Sul,Londrina,Loja Física,Daniel,Pequena Empresa,SSD 1 TB,Componentes,3,510.00,10,15.80,1530.00,1392.80,1040.53,352.27,25.29,Transferência,Concluído,1,3
PED-00011,2025-03-29,2025,03,Centro-Oeste,Goiânia,Site,Henrique,Corporativo,Memória RAM 16 GB,Componentes,1,390.00,5,57.63,390.00,428.13,265.17,162.96,38.06,PIX,Concluído,9,5
PED-00182,2025-03-29,2025,03,Centro-Oeste,Goiânia,Site,Felipe,Pessoa Física,Monitor 27,Eletrônicos,1,1450.00,5,45.24,1450.00,1422.74,1035.83,386.91,27.19,Boleto,Concluído,12,5
PED-00537,2025-03-29,2025,03,Sudeste,Campinas,Site,Daniel,Pessoa Física,Cadeira Ergonômica,Móveis,4,1350.00,5,21.68,5400.00,5151.68,3527.59,1624.09,31.53,Transferência,Concluído,7,5
PED-00570,2025-03-29,2025,03,Centro-Oeste,Campo Grande,Site,Bruno,Pequena Empresa,Notebook Lite 15,Eletrônicos,1,2850.00,15,5.20,2850.00,0.00,1.82,-1.82,0.00,Transferência,Cancelado,11,
PED-00424,2025-03-30,2025,03,Sudeste,Rio de Janeiro,Aplicativo,Carla,Pessoa Física,Teclado Mecânico,Acessórios,2,350.00,15,60.68,700.00,655.68,441.24,214.44,32.70,Boleto,Concluído,7,5
PED-00463,2025-03-30,2025,03,Sudeste,Campinas,Aplicativo,Felipe,Pessoa Física,Teclado Mecânico,Acessórios,8,350.00,10,8.40,2800.00,2528.40,1682.94,845.46,33.44,Transferência,Concluído,11,5
PED-00689,2025-03-31,2025,03,Sudeste,Rio de Janeiro,Aplicativo,Ana,Pessoa Física,Webcam Full HD,Acessórios,2,310.00,0,10.46,620.00,630.46,383.66,246.80,39.15,PIX,Concluído,6,5
PED-00715,2025-03-31,2025,03,Sudeste,São Paulo,Marketplace,Gabriela,Pessoa Física,Monitor 27,Eletrônicos,3,1450.00,10,51.75,4350.00,595.01,2616.39,-2021.38,-339.72,Cartão de Crédito,Devolvido,8,
PED-01081,2025-03-31,2025,03,Sudeste,Belo Horizonte,Site,Ana,Corporativo,Notebook Lite 15,Eletrônicos,1,2850.00,0,0.02,2850.00,2850.02,2150.01,700.01,24.56,Transferência,Concluído,3,5
PED-00758,2025-04-01,2025,04,Sul,Florianópolis,Loja Física,Felipe,Pessoa Física,Teclado Mecânico,Acessórios,2,350.00,10,27.87,700.00,657.87,429.75,228.12,34.68,Cartão de Crédito,Concluído,3,4
PED-00266,2025-04-02,2025,04,Centro-Oeste,Campo Grande,Site,Bruno,Pequena Empresa,Monitor 27,Eletrônicos,1,1450.00,10,85.95,1450.00,208.64,892.57,-683.93,-327.80,Transferência,Devolvido,4,
PED-00620,2025-04-02,2025,04,Nordeste,Fortaleza,Loja Física,Eduarda,Pequena Empresa,Monitor 27,Eletrônicos,6,1450.00,5,29.27,8700.00,8294.27,6130.24,2164.03,26.09,Cartão de Crédito,Concluído,8,1
PED-00641,2025-04-02,2025,04,Centro-Oeste,Campo Grande,Site,Henrique,Pessoa Física,SSD 1 TB,Componentes,1,510.00,0,46.48,510.00,83.47,307.08,-223.61,-267.89,PIX,Devolvido,9,
PED-01058,2025-04-02,2025,04,Sudeste,Rio de Janeiro,Site,Eduarda,Pessoa Física,Impressora Wi-Fi,Escritório,1,760.00,15,61.28,760.00,0.00,21.45,-21.45,0.00,PIX,Cancelado,9,
PED-01132,2025-04-02,2025,04,Nordeste,Salvador,Marketplace,Bruno,Pequena Empresa,Teclado Mecânico,Acessórios,1,350.00,0,26.25,350.00,376.25,219.19,157.06,41.74,Cartão de Crédito,Concluído,1,2
PED-01257,2025-04-02,2025,04,Sudeste,São Paulo,Marketplace,Daniel,Pessoa Física,Mesa Home Office,Móveis,4,980.00,10,77.41,3920.00,3605.41,2507.09,1098.32,30.46,PIX,Concluído,12,4
PED-00382,2025-04-03,2025,04,Sudeste,Rio de Janeiro,Loja Física,Bruno,Pessoa Física,Cadeira Ergonômica,Móveis,3,1350.00,10,8.10,4050.00,547.96,2246.41,-1698.45,-309.96,PIX,Devolvido,7,
PED-00407,2025-04-03,2025,04,Centro-Oeste,Brasília,Loja Física,Carla,Pessoa Física,Headset USB,Acessórios,1,260.00,10,42.48,260.00,276.48,169.87,106.61,38.56,Boleto,Concluído,11,5
PED-00447,2025-04-03,2025,04,Sul,Florianópolis,Site,Henrique,Média Empresa,Notebook Pro 14,Eletrônicos,3,4200.00,0,43.21,12600.00,12643.21,9465.12,3178.09,25.14,Boleto,Concluído,12,4
PED-00631,2025-04-03,2025,04,Centro-Oeste,Brasília,Loja Física,Gabriela,Média Empresa,Smartphone X,Telefonia,3,3200.00,10,62.12,9600.00,0.00,21.74,-21.74,0.00,PIX,Cancelado,7,
PED-00936,2025-04-03,2025,04,Sudeste,Campinas,Loja Física,Gabriela,Pessoa Física,Tablet 10,Telefonia,5,1850.00,5,32.02,9250.00,8819.52,6611.21,2208.31,25.04,PIX,Concluído,6,5
PED-00056,2025-04-04,2025,04,Norte,Manaus,Aplicativo,Eduarda,Pessoa Física,Webcam Full HD,Acessórios,4,310.00,0,49.30,1240.00,1289.30,777.25,512.05,39.72,Transferência,Concluído,5,3
PED-00517,2025-04-05,2025,04,Sudeste,Rio de Janeiro,Aplicativo,Gabriela,Pessoa Física,Tablet 10,Telefonia,5,1850.00,0,74.05,9250.00,9324.05,6625.92,2698.13,28.94,PIX,Concluído,11,5
PED-01222,2025-04-06,2025,04,Sudeste,São Paulo,Loja Física,Carla,Pessoa Física,Monitor 27,Eletrônicos,1,1450.00,15,87.78,1450.00,1320.28,1050.72,269.56,20.42,PIX,Concluído,7,4
PED-01489,2025-04-06,2025,04,Sudeste,Campinas,Marketplace,Henrique,Média Empresa,Monitor 27,Eletrônicos,3,1450.00,5,17.64,4350.00,4150.14,3066.17,1083.97,26.12,Boleto,Concluído,5,4
PED-00220,2025-04-07,2025,04,Sudeste,Rio de Janeiro,Site,Ana,Média Empresa,SSD 1 TB,Componentes,10,510.00,0,78.25,5100.00,5178.25,3477.39,1700.86,32.85,Cartão de Crédito,Concluído,11,5
PED-01493,2025-04-07,2025,04,Norte,Palmas,Marketplace,Henrique,Pequena Empresa,Webcam Full HD,Acessórios,1,310.00,10,92.20,310.00,55.68,188.93,-133.25,-239.31,Boleto,Devolvido,3,
PED-00651,2025-04-08,2025,04,Nordeste,Fortaleza,Marketplace,Bruno,Média Empresa,Smartphone Y,Telefonia,1,2150.00,20,37.01,2150.00,1757.01,1592.95,164.06,9.34,Transferência,Concluído,12,5
PED-00932,2025-04-08,2025,04,Norte,Belém,Site,Gabriela,Média Empresa,Monitor 27,Eletrônicos,3,1450.00,0,61.47,4350.00,4411.47,3081.51,1329.96,30.15,Cartão de Crédito,Concluído,8,4
PED-00311,2025-04-09,2025,04,Sul,Curitiba,Aplicativo,Bruno,Pessoa Física,Mouse Sem Fio,Acessórios,3,145.00,15,51.23,435.00,420.98,263.93,157.05,37.31,Transferência,Concluído,11,5
PED-00473,2025-04-09,2025,04,Norte,Belém,Marketplace,Daniel,Pessoa Física,Monitor 27,Eletrônicos,2,1450.00,0,80.36,2900.00,2980.36,2068.13,912.23,30.61,PIX,Concluído,10,4
PED-01119,2025-04-09,2025,04,Sul,Porto Alegre,Aplicativo,Felipe,Pessoa Física,Tablet 10,Telefonia,1,1850.00,5,22.91,1850.00,1780.41,1328.02,452.39,25.41,Cartão de Crédito,Concluído,8,3
PED-01447,2025-04-09,2025,04,Sul,Florianópolis,Site,Bruno,Corporativo,Webcam Full HD,Acessórios,1,310.00,10,20.73,310.00,299.73,197.26,102.47,34.19,Cartão de Crédito,Concluído,12,5
PED-01488,2025-04-09,2025,04,Sudeste,Belo Horizonte,Aplicativo,Ana,Pessoa Física,Memória RAM 16 GB,Componentes,2,390.00,10,8.50,780.00,710.50,492.98,217.52,30.62,PIX,Concluído,11,4
PED-00003,2025-04-10,2025,04,Centro-Oeste,Cuiabá,Loja Física,Henrique,Pessoa Física,Smartphone Y,Telefonia,8,2150.00,5,52.44,17200.00,2458.87,10759.60,-8300.73,-337.58,Boleto,Devolvido,10,
PED-00127,2025-04-10,2025,04,Sudeste,Campinas,Aplicativo,Gabriela,Pessoa Física,Notebook Lite 15,Eletrônicos,5,2850.00,0,31.11,14250.00,0.00,10.89,-10.89,0.00,Boleto,Cancelado,12,
PED-00239,2025-04-10,2025,04,Nordeste,Natal,Aplicativo,Daniel,Pessoa Física,Monitor 24,Eletrônicos,4,920.00,15,39.77,3680.00,0.00,13.92,-13.92,0.00,Transferência,Cancelado,11,
PED-00421,2025-04-10,2025,04,Norte,Palmas,Marketplace,Eduarda,Pessoa Física,Smartphone Y,Telefonia,1,2150.00,0,62.16,2150.00,2212.16,1601.76,610.40,27.59,PIX,Concluído,8,5
PED-00698,2025-04-10,2025,04,Sudeste,São Paulo,Marketplace,Carla,Pessoa Física,Smartphone X,Telefonia,4,3200.00,5,82.54,12800.00,12242.54,9828.89,2413.65,19.72,Transferência,Concluído,5,3
PED-00866,2025-04-10,2025,04,Sudeste,Belo Horizonte,Site,Eduarda,Pequena Empresa,Webcam Full HD,Acessórios,3,310.00,5,39.97,930.00,0.00,13.99,-13.99,0.00,Transferência,Cancelado,6,
PED-00870,2025-04-10,2025,04,Sudeste,São Paulo,Marketplace,Carla,Média Empresa,Tablet 10,Telefonia,4,1850.00,20,93.00,7400.00,0.00,32.55,-32.55,0.00,Boleto,Cancelado,7,
PED-00951,2025-04-10,2025,04,Sul,Porto Alegre,Aplicativo,Carla,Pessoa Física,Teclado Mecânico,Acessórios,4,350.00,5,59.10,1400.00,0.00,20.68,-20.68,0.00,Boleto,Cancelado,2,
PED-00975,2025-04-10,2025,04,Sudeste,São Paulo,Aplicativo,Ana,Pessoa Física,Monitor 24,Eletrônicos,1,920.00,15,33.89,920.00,122.38,554.08,-431.70,-352.75,PIX,Devolvido,3,
PED-00978,2025-04-10,2025,04,Sudeste,Campinas,Marketplace,Henrique,Pessoa Física,Notebook Lite 15,Eletrônicos,1,2850.00,10,77.71,2850.00,2642.71,2177.20,465.51,17.61,Transferência,Concluído,10,4
PED-01228,2025-04-10,2025,04,Norte,Manaus,Site,Daniel,Pessoa Física,Webcam Full HD,Acessórios,2,310.00,5,34.84,620.00,623.84,392.19,231.65,37.13,Cartão de Crédito,Concluído,3,3
PED-00888,2025-04-11,2025,04,Sudeste,São Paulo,Site,Bruno,Pessoa Física,Notebook Lite 15,Eletrônicos,2,2850.00,0,55.99,5700.00,0.00,19.60,-19.60,0.00,Boleto,Cancelado,8,
PED-00954,2025-04-12,2025,04,Nordeste,Fortaleza,Aplicativo,Gabriela,Pequena Empresa,Monitor 24,Eletrônicos,3,920.00,0,12.87,2760.00,2772.87,1924.50,848.37,30.60,Transferência,Concluído,5,5
PED-01244,2025-04-12,2025,04,Sudeste,Belo Horizonte,Aplicativo,Henrique,Pessoa Física,Teclado Mecânico,Acessórios,1,350.00,0,16.55,350.00,366.55,215.79,150.76,41.13,Boleto,Concluído,7,3
PED-01486,2025-04-12,2025,04,Sudeste,Campinas,Site,Gabriela,Pessoa Física,Tablet 10,Telefonia,3,1850.00,0,88.35,5550.00,5638.35,3990.92,1647.43,29.22,PIX,Concluído,1,4
PED-01387,2025-04-13,2025,04,Sudeste,São Paulo,Aplicativo,Henrique,Pessoa Física,Webcam Full HD,Acessórios,3,310.00,0,45.48,930.00,975.48,585.92,389.56,39.94,Boleto,Concluído,8,4
PED-00229,2025-04-14,2025,04,Sudeste,Rio de Janeiro,Aplicativo,Gabriela,Pequena Empresa,Smartphone X,Telefonia,8,3200.00,10,16.55,25600.00,0.00,5.79,-5.79,0.00,Boleto,Cancelado,12,
PED-00328,2025-04-14,2025,04,Sudeste,Belo Horizonte,Site,Eduarda,Pessoa Física,Smartphone X,Telefonia,2,3200.00,10,34.76,6400.00,5794.76,4912.17,882.59,15.23,Boleto,Concluído,7,3
PED-00173,2025-04-16,2025,04,Sudeste,São Paulo,Marketplace,Felipe,Média Empresa,Notebook Pro 14,Eletrônicos,1,4200.00,5,74.02,4200.00,609.60,2699.52,-2089.92,-342.83,PIX,Devolvido,9,
PED-00398,2025-04-16,2025,04,Sudeste,Belo Horizonte,Loja Física,Daniel,Pessoa Física,Mesa Home Office,Móveis,1,980.00,0,30.32,980.00,1010.32,630.61,379.71,37.58,PIX,Concluído,11,3
PED-00727,2025-04-16,2025,04,Sudeste,Rio de Janeiro,Aplicativo,Henrique,Pessoa Física,Mesa Home Office,Móveis,2,980.00,10,25.81,1960.00,1789.81,1249.03,540.78,30.21,Transferência,Concluído,10,3
PED-00215,2025-04-17,2025,04,Sul,Porto Alegre,Marketplace,Ana,Corporativo,Headset USB,Acessórios,1,260.00,0,4.17,260.00,264.17,156.46,107.71,40.77,Boleto,Concluído,9,4
PED-01369,2025-04-18,2025,04,Sudeste,Belo Horizonte,Site,Eduarda,Pequena Empresa,Webcam Full HD,Acessórios,3,310.00,5,1.29,930.00,132.72,484.88,-352.16,-265.34,PIX,Devolvido,2,
PED-01465,2025-04-18,2025,04,Sul,Curitiba,Site,Carla,Pessoa Física,SSD 1 TB,Componentes,2,510.00,5,19.73,1020.00,988.73,696.91,291.82,29.51,Boleto,Concluído,2,5
PED-00277,2025-04-20,2025,04,Sul,Porto Alegre,Site,Gabriela,Pessoa Física,Cadeira Ergonômica,Móveis,4,1350.00,0,32.10,5400.00,5432.10,3531.24,1900.86,34.99,Cartão de Crédito,Concluído,1,5
PED-00634,2025-04-20,2025,04,Sudeste,Campinas,Site,Eduarda,Média Empresa,Tablet 10,Telefonia,2,1850.00,5,57.14,3700.00,3572.14,2660.00,912.14,25.53,Cartão de Crédito,Concluído,12,5
PED-01117,2025-04-20,2025,04,Centro-Oeste,Cuiabá,Loja Física,Carla,Pequena Empresa,Webcam Full HD,Acessórios,8,310.00,0,91.07,2480.00,2571.07,1551.87,1019.20,39.64,Transferência,Concluído,12,5
PED-01253,2025-04-20,2025,04,Sul,Londrina,Site,Ana,Média Empresa,SSD 1 TB,Componentes,6,510.00,10,26.89,3060.00,0.00,9.41,-9.41,0.00,Transferência,Cancelado,7,
PED-01004,2025-04-21,2025,04,Sul,Porto Alegre,Loja Física,Henrique,Pessoa Física,Cadeira Ergonômica,Móveis,2,1350.00,5,1.61,2700.00,2566.61,1760.56,806.05,31.41,Boleto,Concluído,6,4
PED-01082,2025-04-21,2025,04,Sul,Curitiba,Loja Física,Eduarda,Pessoa Física,Cadeira Ergonômica,Móveis,2,1350.00,15,14.95,2700.00,346.49,1500.45,-1153.96,-333.04,Cartão de Crédito,Devolvido,9,
PED-00180,2025-04-22,2025,04,Nordeste,Fortaleza,Site,Ana,Pessoa Física,Webcam Full HD,Acessórios,3,310.00,10,91.85,930.00,928.85,602.15,326.70,35.17,Cartão de Crédito,Concluído,7,3
PED-01157,2025-04-22,2025,04,Nordeste,Natal,Marketplace,Carla,Pequena Empresa,Memória RAM 16 GB,Componentes,10,390.00,15,27.59,3900.00,3342.59,2459.66,882.93,26.41,Cartão de Crédito,Concluído,2,3
PED-01199,2025-04-22,2025,04,Norte,Manaus,Site,Felipe,Pessoa Física,Mesa Home Office,Móveis,2,980.00,5,94.77,1960.00,293.52,1082.19,-788.67,-268.69,Transferência,Devolvido,10,
PED-00008,2025-04-23,2025,04,Nordeste,Natal,Marketplace,Gabriela,Pessoa Física,Teclado Mecânico,Acessórios,10,350.00,5,92.25,3500.00,3417.25,2132.29,1284.96,37.60,Boleto,Concluído,11,5
PED-00079,2025-04-23,2025,04,Sudeste,Belo Horizonte,Loja Física,Daniel,Pequena Empresa,Notebook Pro 14,Eletrônicos,1,4200.00,0,12.04,4200.00,4212.04,3154.21,1057.83,25.11,Cartão de Crédito,Concluído,9,3
PED-00663,2025-04-23,2025,04,Nordeste,Recife,Site,Ana,Pequena Empresa,Monitor 27,Eletrônicos,1,1450.00,10,32.50,1450.00,0.00,11.38,-11.38,0.00,Cartão de Crédito,Cancelado,12,
PED-01220,2025-04-23,2025,04,Sudeste,Rio de Janeiro,Aplicativo,Bruno,Pessoa Física,SSD 1 TB,Componentes,1,510.00,10,74.03,510.00,79.95,315.27,-235.32,-294.33,Boleto,Devolvido,10,
PED-01497,2025-04-23,2025,04,Sul,Porto Alegre,Site,Eduarda,Pessoa Física,Notebook Lite 15,Eletrônicos,2,2850.00,10,72.59,5700.00,5202.59,4325.41,877.18,16.86,PIX,Concluído,7,5
PED-00089,2025-04-24,2025,04,Nordeste,Natal,Marketplace,Eduarda,Pessoa Física,Mesa Home Office,Móveis,2,980.00,10,0.73,1960.00,1764.73,1240.26,524.47,29.72,Boleto,Concluído,4,5
PED-00736,2025-04-24,2025,04,Norte,Manaus,Site,Gabriela,Pessoa Física,Notebook Lite 15,Eletrônicos,1,2850.00,0,43.77,2850.00,2893.77,2165.32,728.45,25.17,Transferência,Concluído,6,5
PED-00921,2025-04-24,2025,04,Sul,Florianópolis,Site,Felipe,Pessoa Física,Monitor 27,Eletrônicos,2,1450.00,20,7.88,2900.00,0.00,2.76,-2.76,0.00,Transferência,Cancelado,3,
PED-00001,2025-04-25,2025,04,Nordeste,Recife,Site,Bruno,Pequena Empresa,Notebook Pro 14,Eletrônicos,5,4200.00,0,40.08,21000.00,21040.08,15764.03,5276.05,25.08,Cartão de Crédito,Concluído,2,3
PED-00496,2025-04-25,2025,04,Sul,Florianópolis,Marketplace,Bruno,Pessoa Física,Monitor 27,Eletrônicos,1,1450.00,15,31.28,1450.00,0.00,10.95,-10.95,0.00,Transferência,Cancelado,12,
PED-01051,2025-04-25,2025,04,Norte,Porto Velho,Site,Daniel,Pessoa Física,Smartphone X,Telefonia,3,3200.00,10,25.34,9600.00,0.00,8.87,-8.87,0.00,PIX,Cancelado,6,
PED-01452,2025-04-25,2025,04,Sudeste,Belo Horizonte,Loja Física,Henrique,Pessoa Física,SSD 1 TB,Componentes,1,510.00,15,19.30,510.00,452.80,351.75,101.05,22.32,Cartão de Crédito,Concluído,4,4
PED-00243,2025-04-26,2025,04,Sudeste,São Paulo,Aplicativo,Bruno,Pequena Empresa,Impressora Wi-Fi,Escritório,5,760.00,15,83.40,3800.00,3313.40,2604.19,709.21,21.40,Transferência,Concluído,7,5
PED-00365,2025-04-26,2025,04,Sul,Florianópolis,Site,Felipe,Pequena Empresa,Impressora Wi-Fi,Escritório,1,760.00,5,93.83,760.00,0.00,32.84,-32.84,0.00,PIX,Cancelado,8,
PED-00749,2025-04-26,2025,04,Nordeste,Salvador,Site,Gabriela,Média Empresa,Cadeira Ergonômica,Móveis,3,1350.00,0,47.29,4050.00,4097.29,2656.55,1440.74,35.16,Transferência,Concluído,10,5
PED-00714,2025-04-27,2025,04,Sul,Florianópolis,Site,Carla,Pessoa Física,Mouse Sem Fio,Acessórios,2,145.00,15,65.41,290.00,311.91,186.89,125.02,40.08,Cartão de Crédito,Concluído,11,4
PED-01245,2025-04-27,2025,04,Centro-Oeste,Brasília,Loja Física,Eduarda,Pessoa Física,SSD 1 TB,Componentes,2,510.00,20,62.73,1020.00,878.73,711.96,166.77,18.98,Transferência,Concluído,4,4
PED-00289,2025-04-28,2025,04,Sul,Porto Alegre,Aplicativo,Felipe,Pessoa Física,Smartphone Y,Telefonia,4,2150.00,0,24.38,8600.00,1293.66,5379.25,-4085.59,-315.82,Cartão de Crédito,Devolvido,5,
PED-01110,2025-04-28,2025,04,Sul,Florianópolis,Loja Física,Carla,Média Empresa,Tablet 10,Telefonia,2,1850.00,20,23.63,3700.00,447.54,2251.03,-1803.49,-402.98,PIX,Devolvido,1,
PED-00149,2025-04-30,2025,04,Nordeste,Natal,Site,Henrique,Média Empresa,Headset USB,Acessórios,2,260.00,5,43.40,520.00,537.40,325.19,212.21,39.49,Boleto,Concluído,9,4
PED-00209,2025-05-01,2025,05,Sudeste,Campinas,Site,Bruno,Pessoa Física,Notebook Pro 14,Eletrônicos,8,4200.00,10,47.13,33600.00,0.00,16.50,-16.50,0.00,Cartão de Crédito,Cancelado,6,
PED-00548,2025-05-01,2025,05,Sudeste,Belo Horizonte,Site,Henrique,Pessoa Física,Smartphone Y,Telefonia,1,2150.00,10,40.07,2150.00,1975.07,1594.02,381.05,19.29,Transferência,Concluído,5,3
PED-01165,2025-05-01,2025,05,Centro-Oeste,Campo Grande,Site,Carla,Pessoa Física,Teclado Mecânico,Acessórios,4,350.00,5,13.93,1400.00,201.59,718.15,-516.56,-256.24,Cartão de Crédito,Devolvido,5,
PED-00432,2025-05-02,2025,05,Centro-Oeste,Campo Grande,Aplicativo,Carla,Pequena Empresa,Headset USB,Acessórios,1,260.00,0,69.87,260.00,329.87,179.45,150.42,45.60,Cartão de Crédito,Concluído,11,1
PED-00587,2025-05-02,2025,05,Sudeste,Rio de Janeiro,Site,Felipe,Pessoa Física,Monitor 24,Eletrônicos,3,920.00,10,80.32,2760.00,2564.32,1948.11,616.21,24.03,PIX,Concluído,12,5
PED-01320,2025-05-02,2025,05,Sudeste,Rio de Janeiro,Aplicativo,Daniel,Pessoa Física,Notebook Pro 14,Eletrônicos,2,4200.00,10,72.23,8400.00,7632.23,6325.28,1306.95,17.12,Cartão de Crédito,Concluído,2,4
PED-00048,2025-05-03,2025,05,Sudeste,Campinas,Site,Eduarda,Corporativo,Mouse Sem Fio,Acessórios,4,145.00,0,34.28,580.00,614.28,340.00,274.28,44.65,PIX,Concluído,1,5
PED-00208,2025-05-03,2025,05,Nordeste,Salvador,Site,Felipe,Pessoa Física,Notebook Pro 14,Eletrônicos,4,4200.00,10,15.86,16800.00,15135.86,12605.55,2530.31,16.72,Boleto,Concluído,12,5
PED-01102,2025-05-03,2025,05,Nordeste,Fortaleza,Site,Gabriela,Pessoa Física,Notebook Lite 15,Eletrônicos,5,2850.00,0,28.52,14250.00,14278.52,10759.98,3518.54,24.64,Transferência,Concluído,12,3
PED-01405,2025-05-03,2025,05,Norte,Manaus,Site,Felipe,Corporativo,SSD 1 TB,Componentes,2,510.00,15,70.56,1020.00,937.56,714.70,222.86,23.77,Cartão de Crédito,Concluído,11,5
PED-00518,2025-05-04,2025,05,Sul,Londrina,Loja Física,Eduarda,Média Empresa,Mesa Home Office,Móveis,3,980.00,5,9.13,2940.00,2802.13,1863.20,938.93,33.51,Transferência,Concluído,9,3
PED-00835,2025-05-04,2025,05,Nordeste,Recife,Site,Felipe,Média Empresa,Impressora Wi-Fi,Escritório,4,760.00,5,40.29,3040.00,0.00,14.10,-14.10,0.00,PIX,Cancelado,9,
PED-01027,2025-05-04,2025,05,Sudeste,São Paulo,Site,Henrique,Corporativo,Headset USB,Acessórios,2,260.00,5,38.29,520.00,79.84,274.89,-195.05,-244.30,Boleto,Devolvido,10,
PED-00344,2025-05-05,2025,05,Sudeste,Campinas,Site,Ana,Pessoa Física,Webcam Full HD,Acessórios,3,310.00,0,63.27,930.00,993.27,592.14,401.13,40.38,Boleto,Concluído,8,4
PED-00797,2025-05-05,2025,05,Sul,Londrina,Site,Daniel,Média Empresa,Notebook Lite 15,Eletrônicos,1,2850.00,0,23.09,2850.00,2873.09,2158.08,715.01,24.89,Cartão de Crédito,Concluído,4,4
PED-01137,2025-05-06,2025,05,Sudeste,Belo Horizonte,Marketplace,Felipe,Pessoa Física,Webcam Full HD,Acessórios,1,310.00,5,16.17,310.00,0.00,5.66,-5.66,0.00,Cartão de Crédito,Cancelado,7,
PED-00202,2025-05-07,2025,05,Sudeste,Campinas,Site,Carla,Pessoa Física,Tablet 10,Telefonia,3,1850.00,0,57.09,5550.00,841.06,3382.98,-2541.92,-302.23,Boleto,Devolvido,10,
PED-00476,2025-05-07,2025,05,Sudeste,Rio de Janeiro,Marketplace,Felipe,Pequena Empresa,SSD 1 TB,Componentes,2,510.00,0,31.17,1020.00,1051.17,700.91,350.26,33.32,Boleto,Concluído,7,4
PED-00543,2025-05-07,2025,05,Nordeste,Salvador,Marketplace,Ana,Pessoa Física,Notebook Lite 15,Eletrônicos,10,2850.00,15,93.96,28500.00,0.00,32.89,-32.89,0.00,PIX,Cancelado,12,
PED-00562,2025-05-07,2025,05,Norte,Palmas,Loja Física,Felipe,Pessoa Física,Smartphone Y,Telefonia,4,2150.00,15,93.46,8600.00,7403.46,6352.71,1050.75,14.19,PIX,Concluído,8,4
PED-00703,2025-05-07,2025,05,Sudeste,Belo Horizonte,Marketplace,Carla,Pessoa Física,Memória RAM 16 GB,Componentes,2,390.00,10,29.80,780.00,731.80,500.43,231.37,31.62,Transferência,Concluído,11,4
PED-01147,2025-05-07,2025,05,Sul,Porto Alegre,Site,Bruno,Pequena Empresa,Notebook Lite 15,Eletrônicos,1,2850.00,0,38.47,2850.00,2888.47,2163.46,725.01,25.10,Transferência,Concluído,4,2
PED-01360,2025-05-07,2025,05,Nordeste,Salvador,Marketplace,Carla,Média Empresa,Headset USB,Acessórios,1,260.00,0,59.13,260.00,319.13,175.70,143.43,44.94,Transferência,Concluído,12,3
PED-00055,2025-05-08,2025,05,Nordeste,Natal,Aplicativo,Henrique,Pessoa Física,SSD 1 TB,Componentes,2,510.00,15,69.78,1020.00,0.00,24.42,-24.42,0.00,Cartão de Crédito,Cancelado,5,
PED-00601,2025-05-08,2025,05,Sudeste,São Paulo,Loja Física,Carla,Pessoa Física,Tablet 10,Telefonia,1,1850.00,10,84.81,1850.00,0.00,29.68,-29.68,0.00,Transferência,Cancelado,4,
PED-01048,2025-05-08,2025,05,Centro-Oeste,Campo Grande,Site,Daniel,Média Empresa,Tablet 10,Telefonia,1,1850.00,5,88.80,1850.00,0.00,31.08,-31.08,0.00,Boleto,Cancelado,10,
PED-01159,2025-05-08,2025,05,Sudeste,Belo Horizonte,Marketplace,Ana,Pequena Empresa,Notebook Lite 15,Eletrônicos,1,2850.00,5,53.62,2850.00,414.17,1843.45,-1429.28,-345.10,Boleto,Devolvido,2,
PED-00348,2025-05-09,2025,05,Sudeste,Belo Horizonte,Loja Física,Henrique,Pequena Empresa,Memória RAM 16 GB,Componentes,1,390.00,5,68.82,390.00,439.32,269.09,170.23,38.75,Transferência,Concluído,1,4
PED-00799,2025-05-09,2025,05,Nordeste,Natal,Loja Física,Carla,Pequena Empresa,Webcam Full HD,Acessórios,4,310.00,5,11.21,1240.00,1189.21,763.92,425.29,35.76,PIX,Concluído,7,4
PED-01139,2025-05-09,2025,05,Sudeste,São Paulo,Aplicativo,Gabriela,Pessoa Física,Monitor 24,Eletrônicos,2,920.00,15,86.95,1840.00,247.64,1113.87,-866.23,-349.79,Boleto,Devolvido,1,
PED-00082,2025-05-10,2025,05,Nordeste,Fortaleza,Marketplace,Eduarda,Pessoa Física,Cadeira Ergonômica,Móveis,3,1350.00,0,66.67,4050.00,617.50,2263.83,-1646.33,-266.61,PIX,Devolvido,11,
PED-01301,2025-05-10,2025,05,Sul,Curitiba,Loja Física,Ana,Corporativo,Smartphone Y,Telefonia,1,2150.00,10,20.86,2150.00,293.38,1349.20,-1055.82,-359.88,Transferência,Devolvido,6,
PED-01496,2025-05-10,2025,05,Sul,Curitiba,Aplicativo,Eduarda,Pessoa Física,Headset USB,Acessórios,1,260.00,5,21.92,260.00,40.34,138.27,-97.93,-242.76,Cartão de Crédito,Devolvido,9,
PED-00671,2025-05-11,2025,05,Sudeste,Belo Horizonte,Aplicativo,Felipe,Média Empresa,Headset USB,Acessórios,2,260.00,10,86.53,520.00,554.53,340.29,214.24,38.63,Cartão de Crédito,Concluído,8,4
PED-00826,2025-05-11,2025,05,Sudeste,São Paulo,Site,Henrique,Média Empresa,Notebook Pro 14,Eletrônicos,1,4200.00,15,47.04,4200.00,542.56,2691.49,-2148.93,-396.07,Transferência,Devolvido,9,
PED-00963,2025-05-11,2025,05,Sul,Curitiba,Site,Ana,Média Empresa,Notebook Lite 15,Eletrônicos,1,2850.00,10,76.61,2850.00,2641.61,2176.81,464.80,17.60,Transferência,Concluído,7,5
PED-00122,2025-05-12,2025,05,Nordeste,Recife,Marketplace,Ana,Média Empresa,Mouse Sem Fio,Acessórios,2,145.00,5,15.39,290.00,43.63,143.98,-100.35,-230.00,Boleto,Devolvido,4,
PED-00485,2025-05-12,2025,05,Sudeste,São Paulo,Loja Física,Felipe,Pessoa Física,Smartphone Y,Telefonia,2,2150.00,20,39.13,4300.00,3479.13,3173.70,305.43,8.78,PIX,Concluído,11,3
PED-00259,2025-05-13,2025,05,Nordeste,Natal,Marketplace,Henrique,Pessoa Física,Impressora Wi-Fi,Escritório,1,760.00,0,35.44,760.00,795.44,527.40,268.04,33.70,PIX,Concluído,6,5
PED-00532,2025-05-13,2025,05,Sudeste,Campinas,Site,Gabriela,Corporativo,Mouse Sem Fio,Acessórios,2,145.00,0,52.90,290.00,342.90,182.51,160.39,46.77,Boleto,Concluído,6,5
PED-00506,2025-05-14,2025,05,Centro-Oeste,Goiânia,Aplicativo,Eduarda,Pequena Empresa,Impressora Wi-Fi,Escritório,1,760.00,0,75.28,760.00,835.28,541.35,293.93,35.19,PIX,Concluído,5,5
PED-01172,2025-05-14,2025,05,Sudeste,São Paulo,Loja Física,Henrique,Pequena Empresa,Teclado Mecânico,Acessórios,4,350.00,15,87.69,1400.00,1277.69,870.69,407.00,31.85,Cartão de Crédito,Concluído,10,5
PED-01338,2025-05-14,2025,05,Sudeste,São Paulo,Marketplace,Gabriela,Pessoa Física,Monitor 24,Eletrônicos,3,920.00,15,32.72,2760.00,0.00,11.45,-11.45,0.00,Transferência,Cancelado,4,
PED-00531,2025-05-15,2025,05,Nordeste,Natal,Aplicativo,Felipe,Pequena Empresa,Mesa Home Office,Móveis,4,980.00,15,59.08,3920.00,3391.08,2500.68,890.40,26.26,Transferência,Concluído,12,5
PED-00811,2025-05-15,2025,05,Nordeste,Salvador,Aplicativo,Daniel,Pessoa Física,Headset USB,Acessórios,1,260.00,10,19.81,260.00,253.81,161.93,91.88,36.20,Boleto,Concluído,1,4
PED-00843,2025-05-16,2025,05,Sudeste,Belo Horizonte,Site,Carla,Pessoa Física,Mesa Home Office,Móveis,2,980.00,15,25.92,1960.00,1691.92,1249.07,442.85,26.17,Boleto,Concluído,3,5
PED-01300,2025-05-16,2025,05,Centro-Oeste,Cuiabá,Loja Física,Felipe,Pessoa Física,Monitor 27,Eletrônicos,4,1450.00,5,74.05,5800.00,5584.05,4105.92,1478.13,26.47,PIX,Concluído,1,5
PED-00280,2025-05-17,2025,05,Sudeste,Belo Horizonte,Loja Física,Felipe,Pequena Empresa,Teclado Mecânico,Acessórios,6,350.00,10,19.08,2100.00,0.00,6.68,-6.68,0.00,Boleto,Cancelado,12,
PED-00607,2025-05-17,2025,05,Sudeste,Belo Horizonte,Aplicativo,Henrique,Pessoa Física,Smartphone X,Telefonia,1,3200.00,15,42.65,3200.00,0.00,14.93,-14.93,0.00,PIX,Cancelado,11,
PED-00675,2025-05-17,2025,05,Centro-Oeste,Brasília,Loja Física,Daniel,Corporativo,Cadeira Ergonômica,Móveis,1,1350.00,0,61.62,1350.00,211.74,766.33,-554.59,-261.92,Boleto,Devolvido,10,
PED-00187,2025-05-18,2025,05,Sudeste,Belo Horizonte,Site,Felipe,Pequena Empresa,Smartphone X,Telefonia,2,3200.00,5,13.10,6400.00,6093.10,4904.59,1188.51,19.51,PIX,Concluído,7,3
PED-00942,2025-05-18,2025,05,Centro-Oeste,Goiânia,Loja Física,Carla,Pessoa Física,Smartphone X,Telefonia,6,3200.00,20,67.29,19200.00,0.00,23.55,-23.55,0.00,Cartão de Crédito,Cancelado,6,
PED-01347,2025-05-18,2025,05,Norte,Belém,Aplicativo,Ana,Pessoa Física,Mesa Home Office,Móveis,1,980.00,0,90.18,980.00,1070.18,651.56,418.62,39.12,Cartão de Crédito,Concluído,12,3
PED-00364,2025-05-19,2025,05,Sul,Londrina,Marketplace,Daniel,Pessoa Física,Memória RAM 16 GB,Componentes,10,390.00,5,23.02,3900.00,3728.02,2458.06,1269.96,34.07,Cartão de Crédito,Concluído,7,4
PED-01121,2025-05-19,2025,05,Nordeste,Recife,Site,Ana,Pessoa Física,Webcam Full HD,Acessórios,6,310.00,5,94.17,1860.00,279.18,997.02,-717.84,-257.12,Transferência,Devolvido,10,
PED-01475,2025-05-19,2025,05,Norte,Manaus,Site,Henrique,Pessoa Física,Memória RAM 16 GB,Componentes,2,390.00,15,48.37,780.00,711.37,506.93,204.44,28.74,Boleto,Concluído,5,5
PED-01224,2025-05-20,2025,05,Nordeste,Natal,Aplicativo,Daniel,Corporativo,Smartphone X,Telefonia,3,3200.00,0,27.89,9600.00,9627.89,7359.76,2268.13,23.56,PIX,Concluído,7,4
PED-01374,2025-05-20,2025,05,Sudeste,São Paulo,Aplicativo,Daniel,Pequena Empresa,Monitor 24,Eletrônicos,2,920.00,20,38.34,1840.00,0.00,13.42,-13.42,0.00,Transferência,Cancelado,10,
PED-01104,2025-05-21,2025,05,Sudeste,São Paulo,Aplicativo,Felipe,Pessoa Física,Monitor 27,Eletrônicos,1,1450.00,10,55.31,1450.00,1360.31,1039.36,320.95,23.59,Boleto,Concluído,4,2
PED-01345,2025-05-21,2025,05,Norte,Porto Velho,Site,Carla,Pessoa Física,Smartphone X,Telefonia,2,3200.00,5,84.20,6400.00,6164.20,4929.47,1234.73,20.03,Cartão de Crédito,Concluído,9,5
PED-01382,2025-05-21,2025,05,Sudeste,Rio de Janeiro,Site,Felipe,Pequena Empresa,Tablet 10,Telefonia,3,1850.00,0,33.23,5550.00,5583.23,3971.63,1611.60,28.87,Transferência,Concluído,9,3
PED-01445,2025-05-21,2025,05,Norte,Belém,Site,Carla,Pessoa Física,Smartphone X,Telefonia,1,3200.00,0,88.53,3200.00,493.28,2108.84,-1615.56,-327.51,Boleto,Devolvido,11,
PED-00136,2025-05-22,2025,05,Sul,Londrina,Marketplace,Felipe,Corporativo,Headset USB,Acessórios,2,260.00,5,51.90,520.00,81.88,278.94,-197.06,-240.67,Boleto,Devolvido,12,
PED-00316,2025-05-22,2025,05,Nordeste,Natal,Loja Física,Carla,Pessoa Física,Monitor 27,Eletrônicos,2,1450.00,10,76.08,2900.00,0.00,26.63,-26.63,0.00,Cartão de Crédito,Cancelado,12,
PED-00550,2025-05-22,2025,05,Nordeste,Natal,Site,Felipe,Pessoa Física,SSD 1 TB,Componentes,3,510.00,10,36.79,1530.00,1413.79,1047.88,365.91,25.88,Transferência,Concluído,6,4
PED-00688,2025-05-22,2025,05,Sudeste,Campinas,Marketplace,Henrique,Pessoa Física,Webcam Full HD,Acessórios,4,310.00,5,55.19,1240.00,1233.19,779.32,453.87,36.80,PIX,Concluído,9,4
PED-01299,2025-05-22,2025,05,Sudeste,Rio de Janeiro,Site,Henrique,Pessoa Física,Impressora Wi-Fi,Escritório,2,760.00,5,77.06,1520.00,1521.06,1056.97,464.09,30.51,Boleto,Concluído,12,5
PED-01312,2025-05-22,2025,05,Sudeste,São Paulo,Marketplace,Henrique,Corporativo,Notebook Lite 15,Eletrônicos,3,2850.00,5,42.65,8550.00,8165.15,6464.93,1700.22,20.82,Transferência,Concluído,6,2
PED-00107,2025-05-23,2025,05,Sul,Curitiba,Aplicativo,Ana,Pessoa Física,Memória RAM 16 GB,Componentes,4,390.00,5,69.09,1560.00,0.00,24.18,-24.18,0.00,Cartão de Crédito,Cancelado,7,
PED-00682,2025-05-23,2025,05,Nordeste,Natal,Loja Física,Eduarda,Pessoa Física,Memória RAM 16 GB,Componentes,1,390.00,0,65.74,390.00,68.36,227.81,-159.45,-233.25,Cartão de Crédito,Devolvido,9,
PED-00827,2025-05-24,2025,05,Sudeste,Belo Horizonte,Site,Eduarda,Pequena Empresa,Impressora Wi-Fi,Escritório,5,760.00,0,30.63,3800.00,3830.63,2585.72,1244.91,32.50,PIX,Concluído,10,5
PED-00881,2025-05-24,2025,05,Sul,Curitiba,Site,Felipe,Pessoa Física,Teclado Mecânico,Acessórios,3,350.00,5,68.00,1050.00,0.00,23.80,-23.80,0.00,Boleto,Cancelado,11,
PED-00900,2025-05-24,2025,05,Centro-Oeste,Cuiabá,Aplicativo,Felipe,Média Empresa,Monitor 24,Eletrônicos,2,920.00,15,17.49,1840.00,1581.49,1286.12,295.37,18.68,Boleto,Concluído,4,4
PED-00368,2025-05-25,2025,05,Sudeste,São Paulo,Site,Ana,Pessoa Física,Notebook Pro 14,Eletrônicos,4,4200.00,10,5.04,16800.00,2268.76,10711.50,-8442.74,-372.13,Cartão de Crédito,Devolvido,1,
PED-00435,2025-05-25,2025,05,Sudeste,Belo Horizonte,Marketplace,Henrique,Pessoa Física,Impressora Wi-Fi,Escritório,2,760.00,0,75.15,1520.00,239.27,897.85,-658.58,-275.25,Transferência,Devolvido,10,
PED-01177,2025-05-25,2025,05,Sudeste,São Paulo,Aplicativo,Bruno,Pessoa Física,Tablet 10,Telefonia,1,1850.00,0,42.92,1850.00,283.94,1134.77,-850.83,-299.65,Cartão de Crédito,Devolvido,5,
PED-00578,2025-05-26,2025,05,Sul,Florianópolis,Site,Ana,Pessoa Física,Mesa Home Office,Móveis,1,980.00,0,24.89,980.00,1004.89,628.71,376.18,37.43,PIX,Concluído,6,5
PED-01005,2025-05-26,2025,05,Centro-Oeste,Campo Grande,Marketplace,Gabriela,Pequena Empresa,Smartphone X,Telefonia,2,3200.00,5,79.43,6400.00,6159.43,4927.80,1231.63,20.00,Cartão de Crédito,Concluído,11,4
PED-01355,2025-05-26,2025,05,Sudeste,Campinas,Site,Eduarda,Pessoa Física,Monitor 27,Eletrônicos,1,1450.00,15,62.50,1450.00,194.25,885.60,-691.35,-355.91,Transferência,Devolvido,3,
PED-00964,2025-05-27,2025,05,Sul,Curitiba,Loja Física,Daniel,Pequena Empresa,SSD 1 TB,Componentes,3,510.00,0,1.35,1530.00,1531.35,1035.47,495.88,32.38,Boleto,Concluído,6,5
PED-00109,2025-05-28,2025,05,Sul,Florianópolis,Site,Gabriela,Pessoa Física,Mesa Home Office,Móveis,3,980.00,5,34.26,2940.00,0.00,11.99,-11.99,0.00,Cartão de Crédito,Cancelado,9,
PED-00169,2025-05-28,2025,05,Norte,Porto Velho,Site,Daniel,Pessoa Física,Tablet 10,Telefonia,4,1850.00,10,51.35,7400.00,6711.35,5297.97,1413.38,21.06,Cartão de Crédito,Concluído,12,3
PED-00411,2025-05-28,2025,05,Nordeste,Recife,Site,Gabriela,Média Empresa,Memória RAM 16 GB,Componentes,5,390.00,10,88.38,1950.00,0.00,30.93,-30.93,0.00,Transferência,Cancelado,3,
PED-01056,2025-05-28,2025,05,Sul,Londrina,Site,Gabriela,Pessoa Física,Monitor 24,Eletrônicos,1,920.00,5,23.63,920.00,897.63,648.27,249.36,27.78,Transferência,Concluído,4,4
PED-01072,2025-05-28,2025,05,Nordeste,Recife,Site,Gabriela,Pessoa Física,Teclado Mecânico,Acessórios,1,350.00,0,1.15,350.00,351.15,210.40,140.75,40.08,PIX,Concluído,4,4
PED-00650,2025-05-30,2025,05,Sudeste,São Paulo,Site,Daniel,Pessoa Física,Webcam Full HD,Acessórios,1,310.00,15,16.69,310.00,42.03,166.46,-124.43,-296.05,Transferência,Devolvido,5,
PED-00707,2025-05-30,2025,05,Sudeste,São Paulo,Aplicativo,Gabriela,Pessoa Física,Headset USB,Acessórios,4,260.00,10,92.96,1040.00,1028.96,652.54,376.42,36.58,Cartão de Crédito,Concluído,1,3
PED-01277,2025-05-30,2025,05,Centro-Oeste,Brasília,Site,Daniel,Pessoa Física,Headset USB,Acessórios,3,260.00,5,73.13,780.00,0.00,25.60,-25.60,0.00,Transferência,Cancelado,12,
PED-01386,2025-05-30,2025,05,Sudeste,Belo Horizonte,Marketplace,Carla,Pequena Empresa,Webcam Full HD,Acessórios,2,310.00,15,93.89,620.00,93.13,350.93,-257.80,-276.82,Boleto,Devolvido,9,
PED-00308,2025-05-31,2025,05,Sudeste,Rio de Janeiro,Marketplace,Gabriela,Pequena Empresa,Notebook Lite 15,Eletrônicos,2,2850.00,0,68.36,5700.00,865.25,3675.34,-2810.09,-324.77,Cartão de Crédito,Devolvido,5,
PED-01274,2025-05-31,2025,05,Centro-Oeste,Brasília,Site,Eduarda,Pessoa Física,Monitor 27,Eletrônicos,4,1450.00,5,21.66,5800.00,5531.66,4087.58,1444.08,26.11,Transferência,Concluído,12,4
PED-00453,2025-06-01,2025,06,Sudeste,Rio de Janeiro,Marketplace,Ana,Pessoa Física,Memória RAM 16 GB,Componentes,8,390.00,5,12.54,3120.00,2976.54,1964.39,1012.15,34.00,Cartão de Crédito,Concluído,7,4
PED-00618,2025-06-01,2025,06,Sul,Porto Alegre,Site,Carla,Pessoa Física,Cadeira Ergonômica,Móveis,4,1350.00,10,87.10,5400.00,4947.10,3550.49,1396.61,28.23,Cartão de Crédito,Concluído,12,4
PED-01085,2025-06-01,2025,06,Norte,Belém,Site,Bruno,Pessoa Física,Monitor 27,Eletrônicos,1,1450.00,5,22.73,1450.00,1400.23,1027.96,372.27,26.59,Boleto,Concluído,7,4
PED-01135,2025-06-01,2025,06,Sudeste,São Paulo,Site,Eduarda,Pessoa Física,Memória RAM 16 GB,Componentes,4,390.00,5,44.54,1560.00,0.00,15.59,-15.59,0.00,Transferência,Cancelado,7,
PED-01362,2025-06-01,2025,06,Sudeste,Campinas,Site,Daniel,Média Empresa,Mouse Sem Fio,Acessórios,3,145.00,0,27.30,435.00,462.30,255.56,206.74,44.72,PIX,Concluído,12,5
PED-01403,2025-06-01,2025,06,Sul,Curitiba,Site,Felipe,Pequena Empresa,Smartphone X,Telefonia,4,3200.00,10,65.37,12800.00,11585.37,9822.88,1762.49,15.21,Boleto,Concluído,7,5
PED-00211,2025-06-03,2025,06,Norte,Manaus,Marketplace,Gabriela,Pessoa Física,Mouse Sem Fio,Acessórios,1,145.00,15,30.39,145.00,153.64,92.64,61.00,39.70,Cartão de Crédito,Concluído,10,4
PED-00253,2025-06-03,2025,06,Centro-Oeste,Campo Grande,Loja Física,Carla,Pequena Empresa,Webcam Full HD,Acessórios,3,310.00,20,24.65,930.00,768.65,578.63,190.02,24.72,Cartão de Crédito,Concluído,7,4
PED-01080,2025-06-03,2025,06,Sul,Curitiba,Aplicativo,Carla,Corporativo,Impressora Wi-Fi,Escritório,1,760.00,0,12.68,760.00,772.68,519.44,253.24,32.77,Boleto,Concluído,11,5
PED-01326,2025-06-03,2025,06,Nordeste,Fortaleza,Site,Bruno,Pessoa Física,Webcam Full HD,Acessórios,3,310.00,0,3.78,930.00,933.78,571.32,362.46,38.82,PIX,Concluído,11,2
PED-00214,2025-06-04,2025,06,Norte,Manaus,Site,Felipe,Pequena Empresa,Notebook Pro 14,Eletrônicos,3,4200.00,0,31.83,12600.00,1894.77,8041.97,-6147.20,-324.43,Boleto,Devolvido,7,
PED-00899,2025-06-05,2025,06,Sul,Porto Alegre,Marketplace,Henrique,Pessoa Física,Teclado Mecânico,Acessórios,2,350.00,10,24.77,700.00,0.00,8.67,-8.67,0.00,Cartão de Crédito,Cancelado,5,
PED-01052,2025-06-05,2025,06,Sul,Florianópolis,Loja Física,Carla,Média Empresa,Notebook Pro 14,Eletrônicos,4,4200.00,0,58.55,16800.00,16858.55,12620.49,4238.06,25.14,Boleto,Concluído,2,4
PED-00010,2025-06-06,2025,06,Nordeste,Salvador,Marketplace,Henrique,Pessoa Física,Smartphone Y,Telefonia,6,2150.00,15,79.01,12900.00,11044.01,9507.65,1536.36,13.91,Cartão de Crédito,Concluído,4,2
PED-00041,2025-06-06,2025,06,Sudeste,São Paulo,Marketplace,Daniel,Pessoa Física,Webcam Full HD,Acessórios,1,310.00,5,57.56,310.00,52.81,178.63,-125.82,-238.25,Cartão de Crédito,Devolvido,12,
PED-00162,2025-06-06,2025,06,Sudeste,Campinas,Marketplace,Daniel,Pessoa Física,Headset USB,Acessórios,3,260.00,10,24.45,780.00,726.45,473.56,252.89,34.81,Transferência,Concluído,12,5
PED-00206,2025-06-06,2025,06,Sudeste,São Paulo,Marketplace,Daniel,Corporativo,Cadeira Ergonômica,Móveis,1,1350.00,5,55.71,1350.00,200.73,764.57,-563.84,-280.89,Cartão de Crédito,Devolvido,11,
PED-00701,2025-06-06,2025,06,Sudeste,São Paulo,Site,Eduarda,Pessoa Física,Memória RAM 16 GB,Componentes,8,390.00,10,8.28,3120.00,2816.28,1962.90,853.38,30.30,Boleto,Concluído,8,4
PED-01103,2025-06-06,2025,06,Sudeste,Campinas,Aplicativo,Felipe,Pessoa Física,Cadeira Ergonômica,Móveis,1,1350.00,0,2.16,1350.00,1352.16,880.76,471.40,34.86,Cartão de Crédito,Concluído,6,3
PED-00287,2025-06-07,2025,06,Sul,Florianópolis,Marketplace,Felipe,Pessoa Física,Smartphone X,Telefonia,3,3200.00,5,90.91,9600.00,0.00,31.82,-31.82,0.00,PIX,Cancelado,2,
PED-00718,2025-06-07,2025,06,Centro-Oeste,Cuiabá,Site,Gabriela,Pessoa Física,Smartphone Y,Telefonia,8,2150.00,0,61.22,17200.00,17261.22,12661.43,4599.79,26.65,Transferência,Concluído,10,4
PED-00076,2025-06-08,2025,06,Nordeste,Natal,Marketplace,Eduarda,Pessoa Física,Impressora Wi-Fi,Escritório,2,760.00,5,90.30,1520.00,1534.30,1061.61,472.69,30.81,Boleto,Concluído,2,5
PED-00893,2025-06-08,2025,06,Sudeste,Campinas,Loja Física,Carla,Pequena Empresa,Smartphone X,Telefonia,1,3200.00,20,93.21,3200.00,397.98,2110.23,-1712.25,-430.24,Transferência,Devolvido,10,
PED-00088,2025-06-09,2025,06,Nordeste,Salvador,Loja Física,Eduarda,Pessoa Física,Mouse Sem Fio,Acessórios,2,145.00,10,39.35,290.00,300.35,177.77,122.58,40.81,Transferência,Concluído,9,3
PED-00845,2025-06-09,2025,06,Norte,Palmas,Site,Eduarda,Pessoa Física,Headset USB,Acessórios,3,260.00,5,78.84,780.00,819.84,492.59,327.25,39.92,PIX,Concluído,2,4
PED-00694,2025-06-10,2025,06,Norte,Palmas,Aplicativo,Carla,Pequena Empresa,Cadeira Ergonômica,Móveis,2,1350.00,0,37.27,2700.00,410.59,1507.08,-1096.49,-267.05,Cartão de Crédito,Devolvido,9,
PED-00830,2025-06-10,2025,06,Sudeste,Rio de Janeiro,Site,Ana,Corporativo,Monitor 24,Eletrônicos,1,920.00,15,82.47,920.00,0.00,28.86,-28.86,0.00,Boleto,Cancelado,12,
PED-01449,2025-06-10,2025,06,Nordeste,Recife,Marketplace,Felipe,Pequena Empresa,Impressora Wi-Fi,Escritório,1,760.00,5,17.19,760.00,110.88,442.87,-331.99,-299.41,PIX,Devolvido,5,
PED-00399,2025-06-11,2025,06,Sudeste,São Paulo,Site,Felipe,Pessoa Física,Cadeira Ergonômica,Móveis,1,1350.00,20,76.38,1350.00,0.00,26.73,-26.73,0.00,PIX,Cancelado,4,
PED-00436,2025-06-11,2025,06,Centro-Oeste,Brasília,Site,Carla,Corporativo,Notebook Pro 14,Eletrônicos,3,4200.00,10,26.95,12600.00,1705.04,8040.52,-6335.48,-371.57,PIX,Devolvido,8,
PED-00533,2025-06-12,2025,06,Centro-Oeste,Brasília,Loja Física,Felipe,Pessoa Física,Mouse Sem Fio,Acessórios,3,145.00,0,21.29,435.00,456.29,253.45,202.84,44.45,Cartão de Crédito,Concluído,6,5
PED-00595,2025-06-12,2025,06,Sul,Londrina,Site,Ana,Corporativo,Mesa Home Office,Móveis,2,980.00,15,57.46,1960.00,1723.46,1260.11,463.35,26.88,Transferência,Concluído,9,4
PED-01313,2025-06-13,2025,06,Sul,Curitiba,Marketplace,Felipe,Média Empresa,Headset USB,Acessórios,1,260.00,0,59.75,260.00,319.75,175.91,143.84,44.99,Cartão de Crédito,Concluído,12,1
PED-00317,2025-06-14,2025,06,Norte,Manaus,Loja Física,Carla,Pessoa Física,Tablet 10,Telefonia,3,1850.00,0,24.99,5550.00,5574.99,3968.75,1606.24,28.81,Transferência,Concluído,2,5
PED-00456,2025-06-14,2025,06,Sudeste,Rio de Janeiro,Loja Física,Carla,Pessoa Física,Mesa Home Office,Móveis,1,980.00,20,54.58,980.00,838.58,639.10,199.48,23.79,PIX,Concluído,5,4
PED-00897,2025-06-14,2025,06,Nordeste,Natal,Aplicativo,Ana,Pequena Empresa,Smartphone X,Telefonia,2,3200.00,20,67.12,6400.00,5187.12,4923.49,263.63,5.08,Transferência,Concluído,5,5
PED-00104,2025-06-15,2025,06,Centro-Oeste,Goiânia,Aplicativo,Ana,Pequena Empresa,Headset USB,Acessórios,5,260.00,10,9.75,1300.00,0.00,3.41,-3.41,0.00,Boleto,Cancelado,2,
PED-00387,2025-06-15,2025,06,Sul,Porto Alegre,Aplicativo,Felipe,Corporativo,Mesa Home Office,Móveis,1,980.00,0,35.01,980.00,1015.01,632.25,382.76,37.71,Cartão de Crédito,Concluído,2,5
PED-00702,2025-06-15,2025,06,Sudeste,Belo Horizonte,Site,Bruno,Pessoa Física,Monitor 24,Eletrônicos,4,920.00,0,44.96,3680.00,3724.96,2575.74,1149.22,30.85,PIX,Concluído,8,5
PED-00875,2025-06-15,2025,06,Sudeste,Rio de Janeiro,Site,Daniel,Pessoa Física,SSD 1 TB,Componentes,1,510.00,15,19.67,510.00,453.17,351.88,101.29,22.35,Transferência,Concluído,8,3
PED-00788,2025-06-16,2025,06,Sul,Porto Alegre,Site,Ana,Pessoa Física,Tablet 10,Telefonia,3,1850.00,0,94.89,5550.00,0.00,33.21,-33.21,0.00,Boleto,Cancelado,5,
PED-00042,2025-06-17,2025,06,Sudeste,São Paulo,Aplicativo,Gabriela,Pessoa Física,Mesa Home Office,Móveis,3,980.00,0,65.61,2940.00,450.84,1600.52,-1149.68,-255.01,Cartão de Crédito,Devolvido,4,
PED-00249,2025-06-17,2025,06,Nordeste,Salvador,Site,Gabriela,Pessoa Física,Cadeira Ergonômica,Móveis,5,1350.00,10,20.36,6750.00,6095.36,4407.13,1688.23,27.70,PIX,Concluído,11,3
PED-00377,2025-06-17,2025,06,Sudeste,Campinas,Loja Física,Ana,Corporativo,Headset USB,Acessórios,8,260.00,0,63.78,2080.00,2143.78,1262.32,881.46,41.12,Transferência,Concluído,4,2
PED-00977,2025-06-17,2025,06,Sudeste,Campinas,Site,Henrique,Pequena Empresa,Impressora Wi-Fi,Escritório,1,760.00,15,23.69,760.00,669.69,523.29,146.40,21.86,Transferência,Concluído,11,5
PED-01175,2025-06-17,2025,06,Sudeste,Rio de Janeiro,Loja Física,Daniel,Média Empresa,Notebook Pro 14,Eletrônicos,8,4200.00,5,44.43,33600.00,0.00,15.55,-15.55,0.00,Boleto,Cancelado,10,
PED-01408,2025-06-17,2025,06,Sudeste,Belo Horizonte,Site,Bruno,Pessoa Física,Notebook Pro 14,Eletrônicos,2,4200.00,5,77.04,8400.00,0.00,26.96,-26.96,0.00,Transferência,Cancelado,11,
PED-01040,2025-06-18,2025,06,Nordeste,Natal,Loja Física,Felipe,Corporativo,Webcam Full HD,Acessórios,4,310.00,5,71.48,1240.00,1249.48,785.02,464.46,37.17,Cartão de Crédito,Concluído,6,5
PED-00306,2025-06-19,2025,06,Sudeste,Belo Horizonte,Site,Carla,Pessoa Física,Webcam Full HD,Acessórios,3,310.00,15,62.81,930.00,853.31,591.98,261.33,30.63,Transferência,Concluído,6,5
PED-00673,2025-06-19,2025,06,Nordeste,Natal,Marketplace,Gabriela,Pessoa Física,SSD 1 TB,Componentes,1,510.00,0,15.20,510.00,525.20,350.32,174.88,33.30,Transferência,Concluído,10,5
PED-00188,2025-06-20,2025,06,Sudeste,Rio de Janeiro,Site,Henrique,Pequena Empresa,Memória RAM 16 GB,Componentes,5,390.00,20,46.04,1950.00,1606.04,1241.11,364.93,22.72,Transferência,Concluído,7,5
PED-00672,2025-06-20,2025,06,Nordeste,Recife,Site,Ana,Pequena Empresa,Cadeira Ergonômica,Móveis,3,1350.00,10,37.76,4050.00,552.41,2255.24,-1702.83,-308.25,Cartão de Crédito,Devolvido,9,
PED-00816,2025-06-20,2025,06,Nordeste,Salvador,Aplicativo,Felipe,Pessoa Física,Headset USB,Acessórios,2,260.00,20,2.01,520.00,418.01,310.70,107.31,25.67,Boleto,Concluído,2,5
PED-01230,2025-06-20,2025,06,Sul,Curitiba,Marketplace,Ana,Pessoa Física,Notebook Lite 15,Eletrônicos,1,2850.00,15,50.45,2850.00,2472.95,2167.66,305.29,12.35,PIX,Concluído,6,4
PED-00310,2025-06-21,2025,06,Norte,Manaus,Site,Gabriela,Pessoa Física,Smartphone X,Telefonia,1,3200.00,5,86.39,3200.00,468.96,2108.20,-1639.24,-349.55,PIX,Devolvido,7,
PED-01123,2025-06-21,2025,06,Norte,Palmas,Loja Física,Daniel,Pequena Empresa,Notebook Pro 14,Eletrônicos,5,4200.00,0,47.85,21000.00,21047.85,15766.75,5281.10,25.09,Transferência,Concluído,10,3
PED-00093,2025-06-22,2025,06,Sul,Curitiba,Marketplace,Daniel,Média Empresa,Monitor 24,Eletrônicos,1,920.00,10,77.80,920.00,905.80,667.23,238.57,26.34,Boleto,Concluído,4,3
PED-00222,2025-06-22,2025,06,Centro-Oeste,Campo Grande,Marketplace,Gabriela,Pequena Empresa,Impressora Wi-Fi,Escritório,1,760.00,0,17.78,760.00,777.78,521.22,256.56,32.99,Cartão de Crédito,Concluído,8,5
PED-00554,2025-06-22,2025,06,Sudeste,Belo Horizonte,Loja Física,Carla,Pessoa Física,Mesa Home Office,Móveis,2,980.00,0,58.38,1960.00,2018.38,1260.43,757.95,37.55,Cartão de Crédito,Concluído,3,1
PED-00967,2025-06-23,2025,06,Sudeste,Rio de Janeiro,Aplicativo,Daniel,Pessoa Física,Smartphone X,Telefonia,1,3200.00,0,36.82,3200.00,0.00,12.89,-12.89,0.00,PIX,Cancelado,2,
PED-01279,2025-06-23,2025,06,Centro-Oeste,Cuiabá,Loja Física,Ana,Média Empresa,Monitor 24,Eletrônicos,1,920.00,10,91.42,920.00,919.42,672.00,247.42,26.91,PIX,Concluído,5,4
PED-00763,2025-06-24,2025,06,Sul,Florianópolis,Site,Bruno,Corporativo,Headset USB,Acessórios,2,260.00,10,37.16,520.00,75.77,274.56,-198.79,-262.36,Transferência,Devolvido,2,
PED-01495,2025-06-24,2025,06,Sul,Londrina,Aplicativo,Eduarda,Pequena Empresa,Impressora Wi-Fi,Escritório,4,760.00,15,24.25,3040.00,0.00,8.49,-8.49,0.00,Transferência,Cancelado,7,
PED-00092,2025-06-25,2025,06,Centro-Oeste,Cuiabá,Site,Bruno,Pessoa Física,SSD 1 TB,Componentes,2,510.00,5,37.60,1020.00,1006.60,703.16,303.44,30.15,Boleto,Concluído,12,4
PED-00124,2025-06-25,2025,06,Centro-Oeste,Brasília,Loja Física,Ana,Pessoa Física,Smartphone X,Telefonia,6,3200.00,10,25.14,19200.00,17305.14,14708.80,2596.34,15.00,Cartão de Crédito,Concluído,10,4
PED-00645,2025-06-25,2025,06,Norte,Manaus,Site,Ana,Corporativo,Impressora Wi-Fi,Escritório,2,760.00,10,62.62,1520.00,1430.62,1051.92,378.70,26.47,Boleto,Concluído,3,4
PED-01246,2025-06-25,2025,06,Sudeste,São Paulo,Loja Física,Ana,Pequena Empresa,Monitor 27,Eletrônicos,3,1450.00,0,80.71,4350.00,0.00,28.25,-28.25,0.00,PIX,Cancelado,2,
PED-00471,2025-06-26,2025,06,Sudeste,São Paulo,Site,Carla,Pequena Empresa,Mesa Home Office,Móveis,1,980.00,0,93.21,980.00,1073.21,652.62,420.59,39.19,Cartão de Crédito,Concluído,12,5
PED-00279,2025-06-27,2025,06,Sudeste,Belo Horizonte,Marketplace,Gabriela,Pessoa Física,Teclado Mecânico,Acessórios,3,350.00,10,23.58,1050.00,968.58,638.25,330.33,34.10,Transferência,Concluído,6,5
PED-00286,2025-06-27,2025,06,Sudeste,Campinas,Site,Eduarda,Pessoa Física,Monitor 27,Eletrônicos,2,1450.00,0,31.40,2900.00,439.71,1743.34,-1303.63,-296.47,Cartão de Crédito,Devolvido,3,
PED-00410,2025-06-27,2025,06,Sudeste,Campinas,Loja Física,Felipe,Média Empresa,Memória RAM 16 GB,Componentes,1,390.00,20,63.66,390.00,375.66,267.28,108.38,28.85,Cartão de Crédito,Concluído,1,2
PED-00605,2025-06-27,2025,06,Sudeste,Belo Horizonte,Site,Daniel,Pessoa Física,Notebook Pro 14,Eletrônicos,1,4200.00,15,61.74,4200.00,3631.74,3171.61,460.13,12.67,PIX,Concluído,1,2
PED-00719,2025-06-27,2025,06,Centro-Oeste,Goiânia,Marketplace,Bruno,Pequena Empresa,Tablet 10,Telefonia,1,1850.00,0,54.81,1850.00,1904.81,1339.18,565.63,29.69,PIX,Concluído,11,5
PED-01273,2025-06-27,2025,06,Sul,Curitiba,Aplicativo,Eduarda,Pessoa Física,Smartphone Y,Telefonia,10,2150.00,5,25.00,21500.00,20450.00,15808.75,4641.25,22.70,Cartão de Crédito,Concluído,11,5
PED-01399,2025-06-27,2025,06,Nordeste,Recife,Site,Carla,Média Empresa,Cadeira Ergonômica,Móveis,3,1350.00,10,24.54,4050.00,3669.54,2648.59,1020.95,27.82,PIX,Concluído,3,3
PED-01477,2025-06-27,2025,06,Sul,Florianópolis,Aplicativo,Henrique,Pequena Empresa,Mouse Sem Fio,Acessórios,5,145.00,10,33.31,725.00,102.87,358.41,-255.54,-248.41,Boleto,Devolvido,4,
PED-00769,2025-06-28,2025,06,Nordeste,Natal,Aplicativo,Ana,Pequena Empresa,Tablet 10,Telefonia,1,1850.00,15,6.92,1850.00,1579.42,1322.42,257.00,16.27,Cartão de Crédito,Concluído,10,5
PED-00770,2025-06-28,2025,06,Sudeste,Campinas,Site,Daniel,Pessoa Física,Smartphone X,Telefonia,2,3200.00,10,21.42,6400.00,867.21,4171.38,-3304.17,-381.01,Transferência,Devolvido,3,
PED-00072,2025-06-29,2025,06,Sudeste,Belo Horizonte,Marketplace,Eduarda,Média Empresa,Headset USB,Acessórios,1,260.00,15,45.78,260.00,266.78,171.02,95.76,35.89,Cartão de Crédito,Concluído,12,5
PED-00392,2025-06-29,2025,06,Sudeste,Belo Horizonte,Aplicativo,Henrique,Média Empresa,Headset USB,Acessórios,4,260.00,10,45.74,1040.00,147.26,540.61,-393.35,-267.11,Boleto,Devolvido,8,
PED-00418,2025-06-29,2025,06,Nordeste,Recife,Marketplace,Ana,Pessoa Física,Cadeira Ergonômica,Móveis,1,1350.00,0,88.72,1350.00,1438.72,911.05,527.67,36.68,Transferência,Concluído,8,5
PED-00464,2025-06-29,2025,06,Nordeste,Recife,Site,Gabriela,Pessoa Física,SSD 1 TB,Componentes,2,510.00,15,28.69,1020.00,0.00,10.04,-10.04,0.00,Transferência,Cancelado,5,
PED-00965,2025-06-29,2025,06,Sul,Curitiba,Marketplace,Carla,Corporativo,Smartphone Y,Telefonia,2,2150.00,0,59.59,4300.00,4359.59,3180.86,1178.73,27.04,Cartão de Crédito,Concluído,11,5
PED-00677,2025-06-30,2025,06,Norte,Manaus,Loja Física,Gabriela,Corporativo,Cadeira Ergonômica,Móveis,1,1350.00,10,57.41,1350.00,1272.41,900.09,372.32,29.26,Boleto,Concluído,8,3
PED-00988,2025-06-30,2025,06,Sudeste,Rio de Janeiro,Loja Física,Bruno,Pessoa Física,Headset USB,Acessórios,4,260.00,10,21.63,1040.00,957.63,627.57,330.06,34.47,Boleto,Concluído,11,5
PED-01361,2025-06-30,2025,06,Sul,Porto Alegre,Marketplace,Henrique,Pequena Empresa,Notebook Pro 14,Eletrônicos,1,4200.00,10,91.80,4200.00,3871.80,3182.13,689.67,17.81,PIX,Concluído,11,5
PED-01427,2025-07-01,2025,07,Sul,Porto Alegre,Marketplace,Eduarda,Corporativo,Tablet 10,Telefonia,1,1850.00,20,18.04,1850.00,224.71,1127.36,-902.65,-401.70,PIX,Devolvido,9,
PED-00028,2025-07-02,2025,07,Sudeste,Campinas,Site,Felipe,Pessoa Física,Cadeira Ergonômica,Móveis,10,1350.00,0,85.45,13500.00,13585.45,8829.91,4755.54,35.00,Transferência,Concluído,5,2
PED-00324,2025-07-02,2025,07,Sudeste,Rio de Janeiro,Aplicativo,Eduarda,Pessoa Física,Memória RAM 16 GB,Componentes,3,390.00,15,18.07,1170.00,151.89,630.12,-478.23,-314.85,PIX,Devolvido,4,
PED-00579,2025-07-02,2025,07,Sudeste,Belo Horizonte,Aplicativo,Ana,Média Empresa,Headset USB,Acessórios,1,260.00,10,84.08,260.00,318.08,184.43,133.65,42.02,PIX,Concluído,4,4
PED-00805,2025-07-02,2025,07,Sudeste,Rio de Janeiro,Marketplace,Eduarda,Pessoa Física,Teclado Mecânico,Acessórios,3,350.00,0,27.06,1050.00,1077.06,639.47,437.59,40.63,Transferência,Concluído,5,3
PED-01203,2025-07-02,2025,07,Sudeste,São Paulo,Aplicativo,Gabriela,Corporativo,Teclado Mecânico,Acessórios,1,350.00,15,0.59,350.00,298.09,210.21,87.88,29.48,Boleto,Concluído,1,3
PED-00212,2025-07-03,2025,07,Centro-Oeste,Brasília,Aplicativo,Bruno,Média Empresa,Webcam Full HD,Acessórios,5,310.00,10,29.52,1550.00,1424.52,960.33,464.19,32.59,Boleto,Concluído,9,4
PED-00151,2025-07-04,2025,07,Nordeste,Natal,Site,Gabriela,Pessoa Física,Teclado Mecânico,Acessórios,6,350.00,5,7.62,2100.00,300.39,1073.27,-772.88,-257.29,PIX,Devolvido,9,
PED-00491,2025-07-04,2025,07,Nordeste,Recife,Marketplace,Daniel,Pequena Empresa,Notebook Pro 14,Eletrônicos,4,4200.00,15,25.45,16800.00,2145.82,10717.57,-8571.75,-399.46,Transferência,Devolvido,9,
PED-00679,2025-07-04,2025,07,Sudeste,Rio de Janeiro,Aplicativo,Gabriela,Pequena Empresa,Mesa Home Office,Móveis,1,980.00,0,40.51,980.00,1020.51,634.18,386.33,37.86,Cartão de Crédito,Concluído,11,5
PED-00692,2025-07-06,2025,07,Nordeste,Fortaleza,Marketplace,Felipe,Pessoa Física,Memória RAM 16 GB,Componentes,3,390.00,0,10.57,1170.00,1180.57,738.70,441.87,37.43,PIX,Concluído,11,2
PED-00842,2025-07-06,2025,07,Sudeste,São Paulo,Loja Física,Ana,Pessoa Física,Monitor 24,Eletrônicos,2,920.00,0,68.81,1840.00,1908.81,1304.08,604.73,31.68,PIX,Concluído,5,5
PED-01179,2025-07-06,2025,07,Nordeste,Fortaleza,Marketplace,Gabriela,Pessoa Física,Monitor 27,Eletrônicos,2,1450.00,10,46.67,2900.00,398.50,1747.88,-1349.38,-338.61,Transferência,Devolvido,11,
PED-01365,2025-07-07,2025,07,Norte,Palmas,Loja Física,Gabriela,Corporativo,Monitor 24,Eletrônicos,4,920.00,5,24.54,3680.00,3520.54,2568.59,951.95,27.04,Transferência,Concluído,8,3
PED-00050,2025-07-08,2025,07,Sudeste,Campinas,Site,Bruno,Pessoa Física,Notebook Lite 15,Eletrônicos,1,2850.00,10,5.09,2850.00,2570.09,2151.78,418.31,16.28,Cartão de Crédito,Concluído,10,5
PED-00709,2025-07-08,2025,07,Sudeste,Campinas,Site,Eduarda,Pessoa Física,Notebook Lite 15,Eletrônicos,1,2850.00,5,45.17,2850.00,412.90,1840.94,-1428.04,-345.86,Transferência,Devolvido,3,
PED-00762,2025-07-08,2025,07,Centro-Oeste,Cuiabá,Loja Física,Henrique,Média Empresa,Webcam Full HD,Acessórios,3,310.00,5,60.44,930.00,943.94,591.15,352.79,37.37,PIX,Concluído,3,5
PED-00745,2025-07-09,2025,07,Nordeste,Recife,Site,Bruno,Pessoa Física,Memória RAM 16 GB,Componentes,1,390.00,5,91.41,390.00,69.29,235.44,-166.15,-239.79,Transferência,Devolvido,8,
PED-00144,2025-07-10,2025,07,Nordeste,Fortaleza,Marketplace,Daniel,Pessoa Física,Notebook Pro 14,Eletrônicos,5,4200.00,15,78.56,21000.00,0.00,27.50,-27.50,0.00,Cartão de Crédito,Cancelado,6,
PED-00622,2025-07-10,2025,07,Sudeste,Rio de Janeiro,Loja Física,Daniel,Pessoa Física,Headset USB,Acessórios,5,260.00,5,59.55,1300.00,0.00,20.84,-20.84,0.00,PIX,Cancelado,2,
PED-00227,2025-07-12,2025,07,Sul,Porto Alegre,Marketplace,Bruno,Pessoa Física,Memória RAM 16 GB,Componentes,3,390.00,0,45.41,1170.00,1215.41,750.89,464.52,38.22,PIX,Concluído,10,3
PED-00470,2025-07-12,2025,07,Sudeste,São Paulo,Site,Carla,Corporativo,Monitor 27,Eletrônicos,2,1450.00,5,34.44,2900.00,2789.44,2052.05,737.39,26.44,Boleto,Concluído,10,4
PED-00956,2025-07-12,2025,07,Sudeste,Rio de Janeiro,Loja Física,Ana,Pessoa Física,Monitor 24,Eletrônicos,1,920.00,5,17.88,920.00,0.00,6.26,-6.26,0.00,Transferência,Cancelado,1,
PED-01424,2025-07-13,2025,07,Sudeste,São Paulo,Site,Carla,Pessoa Física,Monitor 27,Eletrônicos,5,1450.00,15,52.23,7250.00,6214.73,5118.28,1096.45,17.64,PIX,Concluído,6,4
PED-00071,2025-07-14,2025,07,Nordeste,Recife,Marketplace,Ana,Pessoa Física,Cadeira Ergonômica,Móveis,2,1350.00,10,69.57,2700.00,2499.57,1784.35,715.22,28.61,Transferência,Concluído,5,4
PED-00128,2025-07-14,2025,07,Sul,Londrina,Marketplace,Eduarda,Pessoa Física,Mouse Sem Fio,Acessórios,1,145.00,5,43.44,145.00,181.19,97.20,83.99,46.35,Cartão de Crédito,Concluído,4,4
PED-00254,2025-07-14,2025,07,Nordeste,Recife,Loja Física,Henrique,Média Empresa,Smartphone X,Telefonia,3,3200.00,5,80.31,9600.00,1380.05,6271.39,-4891.34,-354.43,PIX,Devolvido,9,
PED-00380,2025-07-14,2025,07,Sul,Florianópolis,Loja Física,Eduarda,Pessoa Física,Mesa Home Office,Móveis,2,980.00,10,5.18,1960.00,0.00,1.81,-1.81,0.00,Transferência,Cancelado,3,
PED-00135,2025-07-15,2025,07,Sul,Londrina,Site,Daniel,Pessoa Física,Notebook Pro 14,Eletrônicos,4,4200.00,15,82.92,16800.00,2154.44,10734.67,-8580.23,-398.26,Cartão de Crédito,Devolvido,12,
PED-00430,2025-07-15,2025,07,Nordeste,Salvador,Loja Física,Felipe,Pessoa Física,Mesa Home Office,Móveis,5,980.00,5,18.00,4900.00,4673.00,3106.30,1566.70,33.53,PIX,Concluído,4,1
PED-00004,2025-07-16,2025,07,Sudeste,Rio de Janeiro,Loja Física,Bruno,Média Empresa,Monitor 24,Eletrônicos,5,920.00,5,43.07,4600.00,4413.07,3215.07,1198.00,27.15,PIX,Concluído,3,4
PED-00101,2025-07-16,2025,07,Norte,Belém,Site,Bruno,Pessoa Física,Webcam Full HD,Acessórios,2,310.00,10,50.02,620.00,91.20,337.88,-246.68,-270.48,PIX,Devolvido,6,
PED-00666,2025-07-16,2025,07,Sul,Porto Alegre,Site,Ana,Pessoa Física,Teclado Mecânico,Acessórios,2,350.00,10,93.11,700.00,723.11,452.59,270.52,37.41,Cartão de Crédito,Concluído,6,4
PED-01409,2025-07-16,2025,07,Nordeste,Salvador,Loja Física,Daniel,Pessoa Física,Headset USB,Acessórios,1,260.00,5,83.33,260.00,330.33,184.17,146.16,44.25,Transferência,Concluído,5,4
PED-01041,2025-07-17,2025,07,Sudeste,Rio de Janeiro,Loja Física,Carla,Pessoa Física,Smartphone Y,Telefonia,6,2150.00,5,38.62,12900.00,1844.04,8069.49,-6225.45,-337.60,PIX,Devolvido,3,
PED-01388,2025-07-17,2025,07,Nordeste,Natal,Site,Henrique,Média Empresa,Mesa Home Office,Móveis,1,980.00,10,3.54,980.00,885.54,621.24,264.30,29.85,Transferência,Concluído,1,4
PED-00780,2025-07-18,2025,07,Sul,Curitiba,Site,Bruno,Pequena Empresa,Smartphone X,Telefonia,1,3200.00,10,84.39,3200.00,0.00,29.54,-29.54,0.00,Cartão de Crédito,Cancelado,10,
PED-00130,2025-07-19,2025,07,Sul,Curitiba,Marketplace,Henrique,Pequena Empresa,Smartphone Y,Telefonia,1,2150.00,20,64.64,2150.00,1784.64,1602.62,182.02,10.20,Transferência,Concluído,3,5
PED-00422,2025-07-19,2025,07,Nordeste,Recife,Site,Ana,Pequena Empresa,Smartphone X,Telefonia,4,3200.00,0,9.28,12800.00,12809.28,9803.25,3006.03,23.47,PIX,Concluído,11,4
PED-01193,2025-07-19,2025,07,Sudeste,Rio de Janeiro,Site,Felipe,Pessoa Física,Monitor 27,Eletrônicos,4,1450.00,10,88.56,5800.00,5308.56,4111.00,1197.56,22.56,PIX,Concluído,6,4
PED-01125,2025-07-20,2025,07,Sudeste,Belo Horizonte,Marketplace,Henrique,Pessoa Física,Headset USB,Acessórios,1,260.00,0,86.66,260.00,346.66,185.33,161.33,46.54,Boleto,Concluído,6,5
PED-01129,2025-07-20,2025,07,Sudeste,Campinas,Aplicativo,Bruno,Pequena Empresa,Tablet 10,Telefonia,1,1850.00,0,70.02,1850.00,0.00,24.51,-24.51,0.00,Transferência,Cancelado,2,
PED-00885,2025-07-21,2025,07,Sul,Curitiba,Loja Física,Daniel,Pequena Empresa,Smartphone Y,Telefonia,2,2150.00,0,59.51,4300.00,4359.51,3180.83,1178.68,27.04,Cartão de Crédito,Concluído,9,2
PED-00094,2025-07-22,2025,07,Sul,Curitiba,Site,Henrique,Pessoa Física,Mouse Sem Fio,Acessórios,2,145.00,10,64.71,290.00,0.00,22.65,-22.65,0.00,Boleto,Cancelado,11,
PED-00541,2025-07-22,2025,07,Sudeste,Belo Horizonte,Marketplace,Carla,Pessoa Física,Mesa Home Office,Móveis,2,980.00,0,48.61,1960.00,2008.61,1257.01,751.60,37.42,PIX,Concluído,9,4
PED-01498,2025-07-22,2025,07,Norte,Porto Velho,Marketplace,Gabriela,Pessoa Física,Smartphone X,Telefonia,6,3200.00,0,14.98,19200.00,19214.98,14705.24,4509.74,23.47,Transferência,Concluído,10,5
PED-00002,2025-07-23,2025,07,Sudeste,Belo Horizonte,Loja Física,Ana,Pequena Empresa,Impressora Wi-Fi,Escritório,1,760.00,5,26.40,760.00,748.40,524.24,224.16,29.95,Transferência,Concluído,6,3
PED-00248,2025-07-23,2025,07,Sudeste,Campinas,Marketplace,Bruno,Pequena Empresa,Cadeira Ergonômica,Móveis,1,1350.00,5,42.38,1350.00,1324.88,894.83,430.05,32.46,Boleto,Concluído,10,4
PED-00265,2025-07-23,2025,07,Nordeste,Recife,Site,Gabriela,Pessoa Física,Headset USB,Acessórios,1,260.00,5,19.73,260.00,266.73,161.91,104.82,39.30,Cartão de Crédito,Concluído,6,3
PED-00332,2025-07-23,2025,07,Norte,Porto Velho,Site,Henrique,Pequena Empresa,Mouse Sem Fio,Acessórios,2,145.00,0,58.30,290.00,348.30,184.41,163.89,47.05,PIX,Concluído,11,5
PED-00841,2025-07-23,2025,07,Sudeste,São Paulo,Site,Felipe,Pessoa Física,Impressora Wi-Fi,Escritório,2,760.00,15,8.18,1520.00,1300.18,1032.86,267.32,20.56,Cartão de Crédito,Concluído,2,3
PED-00901,2025-07-23,2025,07,Sudeste,São Paulo,Site,Gabriela,Pessoa Física,Cadeira Ergonômica,Móveis,4,1350.00,15,79.01,5400.00,4669.01,3547.65,1121.36,24.02,Transferência,Concluído,9,4
PED-01033,2025-07-23,2025,07,Sul,Curitiba,Marketplace,Carla,Pequena Empresa,Memória RAM 16 GB,Componentes,1,390.00,0,32.31,390.00,63.35,217.86,-154.51,-243.90,Transferência,Devolvido,10,
PED-00237,2025-07-24,2025,07,Sudeste,Rio de Janeiro,Loja Física,Bruno,Pessoa Física,Monitor 27,Eletrônicos,1,1450.00,10,44.74,1450.00,202.46,880.31,-677.85,-334.81,Cartão de Crédito,Devolvido,5,
PED-00213,2025-07-25,2025,07,Sul,Florianópolis,Loja Física,Daniel,Pessoa Física,Mesa Home Office,Móveis,2,980.00,5,73.40,1960.00,1935.40,1265.69,669.71,34.60,PIX,Concluído,12,5
PED-00320,2025-07-25,2025,07,Nordeste,Salvador,Aplicativo,Eduarda,Pequena Empresa,Notebook Pro 14,Eletrônicos,2,4200.00,10,33.01,8400.00,7593.01,6311.55,1281.46,16.88,PIX,Concluído,4,5
PED-00949,2025-07-25,2025,07,Sudeste,São Paulo,Site,Bruno,Pessoa Física,Webcam Full HD,Acessórios,1,310.00,10,93.29,310.00,372.29,222.65,149.64,40.19,PIX,Concluído,11,4
PED-01094,2025-07-25,2025,07,Nordeste,Salvador,Site,Daniel,Corporativo,Notebook Pro 14,Eletrônicos,1,4200.00,0,71.19,4200.00,4271.19,3174.92,1096.27,25.67,Boleto,Concluído,3,5
PED-01428,2025-07-25,2025,07,Nordeste,Recife,Site,Daniel,Pessoa Física,Webcam Full HD,Acessórios,1,310.00,10,69.19,310.00,348.19,214.22,133.97,38.48,Cartão de Crédito,Concluído,9,4
PED-00396,2025-07-26,2025,07,Sul,Curitiba,Loja Física,Carla,Pessoa Física,Monitor 24,Eletrônicos,6,920.00,10,49.74,5520.00,5017.74,3857.41,1160.33,23.12,Cartão de Crédito,Concluído,3,5
PED-00482,2025-07-26,2025,07,Nordeste,Natal,Marketplace,Felipe,Média Empresa,Mesa Home Office,Móveis,2,980.00,0,72.58,1960.00,2032.58,1265.40,767.18,37.74,Boleto,Concluído,2,4
PED-01113,2025-07-26,2025,07,Sudeste,Belo Horizonte,Site,Daniel,Pessoa Física,Teclado Mecânico,Acessórios,6,350.00,5,23.95,2100.00,2018.95,1268.38,750.57,37.18,Cartão de Crédito,Concluído,8,3
PED-00924,2025-07-27,2025,07,Sudeste,Campinas,Site,Gabriela,Média Empresa,Cadeira Ergonômica,Móveis,2,1350.00,0,89.12,2700.00,2789.12,1791.19,997.93,35.78,Boleto,Concluído,2,3
PED-01174,2025-07-27,2025,07,Centro-Oeste,Campo Grande,Site,Bruno,Pessoa Física,Smartphone Y,Telefonia,1,2150.00,20,86.23,2150.00,270.93,1368.65,-1097.72,-405.17,Cartão de Crédito,Devolvido,2,
PED-01377,2025-07-27,2025,07,Sul,Londrina,Site,Daniel,Pessoa Física,Monitor 27,Eletrônicos,2,1450.00,10,54.93,2900.00,2664.93,2059.23,605.70,22.73,PIX,Concluído,3,3
PED-00161,2025-07-28,2025,07,Sudeste,São Paulo,Marketplace,Daniel,Pequena Empresa,Smartphone Y,Telefonia,1,2150.00,10,55.48,2150.00,298.57,1359.51,-1060.94,-355.34,Boleto,Devolvido,7,
PED-00648,2025-07-28,2025,07,Nordeste,Fortaleza,Aplicativo,Daniel,Pequena Empresa,Monitor 24,Eletrônicos,2,920.00,10,48.59,1840.00,1704.59,1297.01,407.58,23.91,Boleto,Concluído,7,5
PED-00678,2025-07-28,2025,07,Sudeste,Rio de Janeiro,Loja Física,Gabriela,Pessoa Física,Tablet 10,Telefonia,5,1850.00,0,17.24,9250.00,9267.24,6606.03,2661.21,28.72,Transferência,Concluído,3,3
PED-01390,2025-07-28,2025,07,Sudeste,Campinas,Aplicativo,Gabriela,Pessoa Física,SSD 1 TB,Componentes,2,510.00,10,79.76,1020.00,997.76,717.92,279.84,28.05,Cartão de Crédito,Concluído,9,5
PED-00450,2025-07-29,2025,07,Norte,Belém,Marketplace,Henrique,Pequena Empresa,Teclado Mecânico,Acessórios,4,350.00,15,66.77,1400.00,188.52,733.86,-545.34,-289.27,Boleto,Devolvido,4,
PED-00760,2025-07-29,2025,07,Sul,Londrina,Site,Carla,Pessoa Física,Teclado Mecânico,Acessórios,1,350.00,20,0.61,350.00,280.61,210.21,70.40,25.09,Cartão de Crédito,Concluído,10,5
PED-01012,2025-07-29,2025,07,Sudeste,Campinas,Loja Física,Daniel,Pessoa Física,Mouse Sem Fio,Acessórios,2,145.00,10,79.13,290.00,51.02,162.94,-111.92,-219.36,Boleto,Devolvido,4,
PED-01392,2025-07-29,2025,07,Centro-Oeste,Goiânia,Loja Física,Carla,Corporativo,Mesa Home Office,Móveis,3,980.00,0,23.62,2940.00,2963.62,1868.27,1095.35,36.96,Boleto,Concluído,8,4
PED-00078,2025-07-30,2025,07,Centro-Oeste,Goiânia,Marketplace,Daniel,Pessoa Física,Monitor 24,Eletrônicos,1,920.00,15,0.27,920.00,782.27,640.09,142.18,18.18,PIX,Concluído,3,4
PED-00786,2025-07-30,2025,07,Sudeste,Campinas,Marketplace,Eduarda,Pessoa Física,Tablet 10,Telefonia,4,1850.00,15,86.46,7400.00,6376.46,5310.26,1066.20,16.72,PIX,Concluído,5,5
PED-00908,2025-07-30,2025,07,Sul,Curitiba,Site,Carla,Pessoa Física,Tablet 10,Telefonia,2,1850.00,5,15.47,3700.00,3530.47,2645.41,885.06,25.07,Boleto,Concluído,2,5
PED-01047,2025-07-30,2025,07,Sudeste,Campinas,Site,Gabriela,Pessoa Física,Smartphone X,Telefonia,1,3200.00,10,51.05,3200.00,2931.05,2467.87,463.18,15.80,Boleto,Concluído,5,5
PED-00037,2025-07-31,2025,07,Sudeste,São Paulo,Aplicativo,Gabriela,Pessoa Física,Impressora Wi-Fi,Escritório,6,760.00,0,37.05,4560.00,4597.05,3102.97,1494.08,32.50,PIX,Concluído,9,5
PED-00437,2025-07-31,2025,07,Nordeste,Natal,Marketplace,Carla,Pequena Empresa,Teclado Mecânico,Acessórios,1,350.00,0,47.49,350.00,397.49,226.62,170.87,42.99,Boleto,Concluído,11,5
PED-00958,2025-07-31,2025,07,Sudeste,Campinas,Site,Bruno,Corporativo,Notebook Pro 14,Eletrônicos,1,4200.00,0,77.30,4200.00,4277.30,3177.05,1100.25,25.72,PIX,Concluído,3,5
PED-01383,2025-07-31,2025,07,Sudeste,São Paulo,Aplicativo,Eduarda,Média Empresa,Impressora Wi-Fi,Escritório,3,760.00,10,54.14,2280.00,2106.14,1563.95,542.19,25.74,Boleto,Concluído,10,4
PED-01234,2025-08-01,2025,08,Centro-Oeste,Campo Grande,Marketplace,Bruno,Pessoa Física,Notebook Pro 14,Eletrônicos,1,4200.00,20,46.45,4200.00,3406.45,3166.26,240.19,7.05,Cartão de Crédito,Concluído,9,2
PED-01265,2025-08-01,2025,08,Sudeste,Campinas,Aplicativo,Carla,Pessoa Física,Impressora Wi-Fi,Escritório,2,760.00,5,56.95,1520.00,1500.95,1049.93,451.02,30.05,Cartão de Crédito,Concluído,8,1
PED-00925,2025-08-02,2025,08,Sudeste,Campinas,Site,Henrique,Média Empresa,Monitor 24,Eletrônicos,4,920.00,15,90.34,3680.00,3218.34,2591.62,626.72,19.47,Transferência,Concluído,7,5
PED-01146,2025-08-02,2025,08,Sudeste,Belo Horizonte,Marketplace,Bruno,Pessoa Física,Smartphone Y,Telefonia,1,2150.00,0,9.71,2150.00,2159.71,1583.40,576.31,26.68,Transferência,Concluído,12,4
PED-00590,2025-08-03,2025,08,Sul,Curitiba,Site,Carla,Pessoa Física,SSD 1 TB,Componentes,3,510.00,5,62.59,1530.00,1516.09,1056.91,459.18,30.29,Transferência,Concluído,6,3
PED-01086,2025-08-03,2025,08,Nordeste,Fortaleza,Site,Daniel,Pessoa Física,Memória RAM 16 GB,Componentes,1,390.00,15,76.34,390.00,407.84,271.72,136.12,33.38,Transferência,Concluído,3,5
PED-01122,2025-08-03,2025,08,Sudeste,Rio de Janeiro,Marketplace,Bruno,Média Empresa,Monitor 24,Eletrônicos,4,920.00,5,59.77,3680.00,3555.77,2580.92,974.85,27.42,Boleto,Concluído,1,4
PED-00291,2025-08-04,2025,08,Centro-Oeste,Campo Grande,Loja Física,Daniel,Pessoa Física,Headset USB,Acessórios,3,260.00,20,73.64,780.00,104.65,417.15,-312.50,-298.61,PIX,Devolvido,2,
PED-00335,2025-08-04,2025,08,Sudeste,São Paulo,Site,Henrique,Pessoa Física,Mouse Sem Fio,Acessórios,1,145.00,5,72.67,145.00,210.42,107.43,102.99,48.94,PIX,Concluído,2,3
PED-00196,2025-08-05,2025,08,Sudeste,Belo Horizonte,Site,Carla,Pessoa Física,Memória RAM 16 GB,Componentes,2,390.00,5,64.84,780.00,805.84,512.69,293.15,36.38,Transferência,Concluído,1,2
PED-00262,2025-08-05,2025,08,Sul,Porto Alegre,Site,Ana,Pessoa Física,Notebook Pro 14,Eletrônicos,3,4200.00,10,59.20,12600.00,0.00,20.72,-20.72,0.00,Cartão de Crédito,Cancelado,1,
PED-00296,2025-08-05,2025,08,Centro-Oeste,Goiânia,Site,Daniel,Pequena Empresa,Impressora Wi-Fi,Escritório,1,760.00,0,63.74,760.00,0.00,22.31,-22.31,0.00,Transferência,Cancelado,1,
PED-01127,2025-08-05,2025,08,Sudeste,São Paulo,Marketplace,Carla,Pessoa Física,Monitor 24,Eletrônicos,2,920.00,10,64.33,1840.00,0.00,22.52,-22.52,0.00,Boleto,Cancelado,10,
PED-00301,2025-08-06,2025,08,Sul,Londrina,Loja Física,Carla,Pessoa Física,Notebook Lite 15,Eletrônicos,1,2850.00,10,69.66,2850.00,2634.66,2174.38,460.28,17.47,Cartão de Crédito,Concluído,3,4
PED-00547,2025-08-06,2025,08,Sul,Porto Alegre,Aplicativo,Felipe,Corporativo,SSD 1 TB,Componentes,1,510.00,15,10.48,510.00,443.98,348.67,95.31,21.47,PIX,Concluído,10,4
PED-00559,2025-08-06,2025,08,Sudeste,São Paulo,Site,Gabriela,Pequena Empresa,Mesa Home Office,Móveis,4,980.00,10,94.89,3920.00,3622.89,2513.21,1109.68,30.63,Boleto,Concluído,4,5
PED-01099,2025-08-06,2025,08,Sudeste,Campinas,Loja Física,Bruno,Corporativo,Mouse Sem Fio,Acessórios,3,145.00,15,88.71,435.00,458.46,277.05,181.41,39.57,Transferência,Concluído,9,5
PED-01258,2025-08-07,2025,08,Nordeste,Salvador,Site,Daniel,Pessoa Física,Memória RAM 16 GB,Componentes,1,390.00,10,8.97,390.00,359.97,248.14,111.83,31.07,PIX,Concluído,12,1
PED-00475,2025-08-08,2025,08,Sudeste,Rio de Janeiro,Marketplace,Bruno,Pessoa Física,Memória RAM 16 GB,Componentes,2,390.00,5,20.36,780.00,761.36,497.13,264.23,34.71,Boleto,Concluído,7,3
PED-01079,2025-08-08,2025,08,Sul,Porto Alegre,Site,Carla,Pessoa Física,Tablet 10,Telefonia,2,1850.00,10,81.05,3700.00,3411.05,2668.37,742.68,21.77,Cartão de Crédito,Concluído,2,2
PED-01480,2025-08-08,2025,08,Sudeste,Campinas,Marketplace,Eduarda,Pessoa Física,Tablet 10,Telefonia,3,1850.00,10,59.16,5550.00,5054.16,3980.71,1073.45,21.24,Transferência,Concluído,6,3
PED-00331,2025-08-09,2025,08,Sul,Curitiba,Marketplace,Felipe,Pessoa Física,Cadeira Ergonômica,Móveis,2,1350.00,10,76.95,2700.00,2506.95,1786.93,720.02,28.72,Boleto,Concluído,1,4
PED-00796,2025-08-09,2025,08,Centro-Oeste,Brasília,Loja Física,Carla,Pessoa Física,Tablet 10,Telefonia,10,1850.00,0,7.34,18500.00,18507.34,13202.57,5304.77,28.66,Transferência,Concluído,10,4
PED-01483,2025-08-09,2025,08,Sudeste,Rio de Janeiro,Loja Física,Bruno,Pessoa Física,Mouse Sem Fio,Acessórios,2,145.00,10,9.39,290.00,40.56,142.20,-101.64,-250.59,PIX,Devolvido,3,
PED-00309,2025-08-10,2025,08,Sul,Londrina,Aplicativo,Carla,Pessoa Física,SSD 1 TB,Componentes,2,510.00,0,55.35,1020.00,1075.35,709.37,365.98,34.03,Boleto,Concluído,10,5
PED-00725,2025-08-10,2025,08,Sudeste,Rio de Janeiro,Site,Carla,Pessoa Física,Smartphone Y,Telefonia,3,2150.00,15,25.42,6450.00,5507.92,4748.90,759.02,13.78,Boleto,Concluído,4,5
PED-00940,2025-08-10,2025,08,Sudeste,Rio de Janeiro,Aplicativo,Henrique,Média Empresa,Teclado Mecânico,Acessórios,2,350.00,10,53.97,700.00,683.97,438.89,245.08,35.83,Transferência,Concluído,3,5
PED-00598,2025-08-11,2025,08,Sudeste,São Paulo,Aplicativo,Bruno,Pequena Empresa,Memória RAM 16 GB,Componentes,2,390.00,10,38.96,780.00,740.96,503.64,237.32,32.03,Cartão de Crédito,Concluído,5,3
PED-00658,2025-08-11,2025,08,Norte,Manaus,Aplicativo,Henrique,Pessoa Física,Mesa Home Office,Móveis,1,980.00,5,28.34,980.00,959.34,629.92,329.42,34.34,PIX,Concluído,1,4
PED-00871,2025-08-11,2025,08,Centro-Oeste,Cuiabá,Site,Felipe,Pequena Empresa,Impressora Wi-Fi,Escritório,3,760.00,10,60.15,2280.00,316.82,1331.14,-1014.32,-320.16,Transferência,Devolvido,6,
PED-00907,2025-08-11,2025,08,Sudeste,Campinas,Site,Gabriela,Pessoa Física,Smartphone Y,Telefonia,5,2150.00,15,19.82,10750.00,9157.32,7906.94,1250.38,13.65,PIX,Concluído,8,4
PED-00972,2025-08-11,2025,08,Sul,Florianópolis,Aplicativo,Gabriela,Pessoa Física,Headset USB,Acessórios,1,260.00,5,44.67,260.00,0.00,15.63,-15.63,0.00,Transferência,Cancelado,11,
PED-01212,2025-08-11,2025,08,Norte,Manaus,Site,Carla,Pessoa Física,Mouse Sem Fio,Acessórios,8,145.00,15,20.34,1160.00,1006.34,663.12,343.22,34.11,Transferência,Concluído,3,5
PED-01420,2025-08-11,2025,08,Nordeste,Salvador,Marketplace,Gabriela,Média Empresa,Mesa Home Office,Móveis,1,980.00,0,1.63,980.00,147.24,527.48,-380.24,-258.25,Cartão de Crédito,Devolvido,2,
PED-01391,2025-08-12,2025,08,Sudeste,Belo Horizonte,Marketplace,Daniel,Pessoa Física,Monitor 24,Eletrônicos,1,920.00,5,8.04,920.00,882.04,642.81,239.23,27.12,Cartão de Crédito,Concluído,9,4
PED-01414,2025-08-12,2025,08,Sudeste,Belo Horizonte,Site,Gabriela,Pessoa Física,Notebook Lite 15,Eletrônicos,1,2850.00,10,77.17,2850.00,396.33,1850.46,-1454.13,-366.90,PIX,Devolvido,7,
PED-00584,2025-08-13,2025,08,Sul,Porto Alegre,Marketplace,Eduarda,Pessoa Física,Headset USB,Acessórios,2,260.00,0,80.03,520.00,600.03,338.01,262.02,43.67,Cartão de Crédito,Concluído,9,2
PED-00743,2025-08-13,2025,08,Sudeste,São Paulo,Marketplace,Daniel,Pessoa Física,Monitor 27,Eletrônicos,1,1450.00,0,58.92,1450.00,226.34,884.53,-658.19,-290.80,Transferência,Devolvido,7,
PED-00755,2025-08-13,2025,08,Sul,Florianópolis,Site,Gabriela,Pessoa Física,Notebook Lite 15,Eletrônicos,8,2850.00,0,24.82,22800.00,22824.82,17208.69,5616.13,24.61,Transferência,Concluído,10,4
PED-00916,2025-08-13,2025,08,Centro-Oeste,Goiânia,Site,Bruno,Pequena Empresa,Teclado Mecânico,Acessórios,3,350.00,0,58.43,1050.00,1108.43,650.45,457.98,41.32,Boleto,Concluído,4,3
PED-01321,2025-08-15,2025,08,Centro-Oeste,Goiânia,Aplicativo,Felipe,Pessoa Física,Smartphone X,Telefonia,4,3200.00,15,65.17,12800.00,10945.17,9822.81,1122.36,10.25,Transferência,Concluído,3,2
PED-00276,2025-08-16,2025,08,Sudeste,Belo Horizonte,Marketplace,Felipe,Pequena Empresa,Notebook Pro 14,Eletrônicos,1,4200.00,0,13.34,4200.00,632.00,2681.47,-2049.47,-324.28,Transferência,Devolvido,12,
PED-00363,2025-08-16,2025,08,Sudeste,Campinas,Site,Felipe,Pessoa Física,Impressora Wi-Fi,Escritório,2,760.00,0,37.92,1520.00,1557.92,1043.27,514.65,33.03,PIX,Concluído,7,4
PED-01453,2025-08-16,2025,08,Sudeste,Rio de Janeiro,Marketplace,Bruno,Pequena Empresa,Headset USB,Acessórios,1,260.00,10,87.25,260.00,321.25,185.54,135.71,42.24,Transferência,Concluído,7,5
PED-00230,2025-08-17,2025,08,Sudeste,Belo Horizonte,Site,Ana,Corporativo,Mouse Sem Fio,Acessórios,6,145.00,5,94.46,870.00,0.00,33.06,-33.06,0.00,PIX,Cancelado,1,
PED-00632,2025-08-17,2025,08,Sudeste,São Paulo,Site,Felipe,Pequena Empresa,Cadeira Ergonômica,Móveis,6,1350.00,10,11.03,8100.00,7301.03,5283.86,2017.17,27.63,Transferência,Concluído,3,5
PED-00705,2025-08-17,2025,08,Centro-Oeste,Brasília,Site,Henrique,Pequena Empresa,Tablet 10,Telefonia,5,1850.00,5,8.15,9250.00,1319.35,5612.42,-4293.07,-325.39,Transferência,Devolvido,2,
PED-00520,2025-08-18,2025,08,Norte,Manaus,Site,Gabriela,Pessoa Física,Teclado Mecânico,Acessórios,4,350.00,5,93.50,1400.00,213.53,741.82,-528.29,-247.41,PIX,Devolvido,5,
PED-00567,2025-08-18,2025,08,Sudeste,Campinas,Marketplace,Felipe,Pessoa Física,Notebook Lite 15,Eletrônicos,1,2850.00,0,54.32,2850.00,2904.32,2169.01,735.31,25.32,Transferência,Concluído,12,3
PED-00806,2025-08-18,2025,08,Sudeste,Belo Horizonte,Aplicativo,Bruno,Corporativo,Mouse Sem Fio,Acessórios,3,145.00,0,19.65,435.00,0.00,6.88,-6.88,0.00,Cartão de Crédito,Cancelado,3,
PED-01196,2025-08-18,2025,08,Sudeste,São Paulo,Aplicativo,Bruno,Corporativo,Notebook Pro 14,Eletrônicos,1,4200.00,5,46.00,4200.00,4036.00,3166.10,869.90,21.55,Boleto,Concluído,4,4
PED-00636,2025-08-19,2025,08,Norte,Belém,Aplicativo,Gabriela,Pessoa Física,Notebook Lite 15,Eletrônicos,4,2850.00,15,15.12,11400.00,9705.12,8605.29,1099.83,11.33,Transferência,Concluído,9,4
PED-00872,2025-08-19,2025,08,Sul,Londrina,Site,Henrique,Pessoa Física,Tablet 10,Telefonia,5,1850.00,5,0.32,9250.00,8787.82,6600.11,2187.71,24.89,Cartão de Crédito,Concluído,8,5
PED-00660,2025-08-20,2025,08,Sudeste,Belo Horizonte,Site,Carla,Pessoa Física,Memória RAM 16 GB,Componentes,1,390.00,20,62.35,390.00,374.35,266.82,107.53,28.72,Transferência,Concluído,3,3
PED-00943,2025-08-22,2025,08,Nordeste,Recife,Marketplace,Ana,Pessoa Física,Smartphone Y,Telefonia,2,2150.00,10,6.14,4300.00,3876.14,3162.15,713.99,18.42,Cartão de Crédito,Concluído,1,4
PED-00200,2025-08-23,2025,08,Sudeste,São Paulo,Site,Felipe,Média Empresa,Tablet 10,Telefonia,1,1850.00,10,71.55,1850.00,1736.55,1345.04,391.51,22.55,PIX,Concluído,11,5
PED-00504,2025-08-23,2025,08,Norte,Belém,Site,Carla,Pessoa Física,Monitor 24,Eletrônicos,3,920.00,10,14.18,2760.00,2498.18,1924.96,573.22,22.95,Cartão de Crédito,Concluído,3,5
PED-00610,2025-08-23,2025,08,Sudeste,Rio de Janeiro,Marketplace,Daniel,Média Empresa,Smartphone X,Telefonia,3,3200.00,0,82.91,9600.00,0.00,29.02,-29.02,0.00,PIX,Cancelado,6,
PED-01034,2025-08-23,2025,08,Centro-Oeste,Brasília,Site,Carla,Pessoa Física,SSD 1 TB,Componentes,8,510.00,10,2.25,4080.00,3674.25,2760.79,913.46,24.86,Transferência,Concluído,6,5
PED-00323,2025-08-24,2025,08,Sudeste,Belo Horizonte,Marketplace,Ana,Pequena Empresa,Smartphone X,Telefonia,1,3200.00,0,37.90,3200.00,485.69,2093.77,-1608.08,-331.09,Cartão de Crédito,Devolvido,6,
PED-00444,2025-08-24,2025,08,Sudeste,Campinas,Aplicativo,Daniel,Pequena Empresa,Monitor 24,Eletrônicos,4,920.00,0,69.35,3680.00,562.40,2196.63,-1634.23,-290.58,PIX,Devolvido,4,
PED-00376,2025-08-26,2025,08,Nordeste,Fortaleza,Site,Henrique,Pessoa Física,Webcam Full HD,Acessórios,4,310.00,5,61.71,1240.00,1239.71,781.60,458.11,36.95,PIX,Concluído,7,4
PED-00792,2025-08-27,2025,08,Nordeste,Recife,Loja Física,Henrique,Pessoa Física,Monitor 27,Eletrônicos,1,1450.00,10,5.78,1450.00,196.62,868.72,-672.10,-341.83,Boleto,Devolvido,5,
PED-01285,2025-08-27,2025,08,Centro-Oeste,Campo Grande,Loja Física,Carla,Pessoa Física,Notebook Lite 15,Eletrônicos,5,2850.00,15,61.63,14250.00,0.00,21.57,-21.57,0.00,PIX,Cancelado,8,
PED-00155,2025-08-28,2025,08,Sul,Florianópolis,Site,Carla,Corporativo,Smartphone X,Telefonia,2,3200.00,5,26.14,6400.00,0.00,9.15,-9.15,0.00,PIX,Cancelado,10,
PED-00998,2025-08-28,2025,08,Nordeste,Natal,Loja Física,Felipe,Pessoa Física,Smartphone X,Telefonia,1,3200.00,0,12.08,3200.00,3212.08,2454.23,757.85,23.59,PIX,Concluído,11,4
PED-01180,2025-08-28,2025,08,Centro-Oeste,Goiânia,Aplicativo,Daniel,Média Empresa,Impressora Wi-Fi,Escritório,4,760.00,0,64.75,3040.00,3104.75,2082.66,1022.09,32.92,PIX,Concluído,7,1
PED-01314,2025-08-28,2025,08,Norte,Manaus,Marketplace,Gabriela,Pessoa Física,Monitor 27,Eletrônicos,10,1450.00,0,31.21,14500.00,14531.21,10210.92,4320.29,29.73,Transferência,Concluído,12,5
PED-00036,2025-08-29,2025,08,Sudeste,São Paulo,Site,Daniel,Pessoa Física,Cadeira Ergonômica,Móveis,1,1350.00,0,39.41,1350.00,1389.41,893.79,495.62,35.67,Cartão de Crédito,Concluído,9,4
PED-00996,2025-08-29,2025,08,Centro-Oeste,Campo Grande,Marketplace,Eduarda,Pequena Empresa,Memória RAM 16 GB,Componentes,1,390.00,5,58.76,390.00,0.00,20.57,-20.57,0.00,PIX,Cancelado,2,
PED-00106,2025-08-30,2025,08,Norte,Porto Velho,Site,Felipe,Corporativo,Tablet 10,Telefonia,4,1850.00,10,75.18,7400.00,6735.18,5306.31,1428.87,21.22,Transferência,Concluído,1,4
PED-00240,2025-08-30,2025,08,Sudeste,Campinas,Aplicativo,Ana,Pessoa Física,Memória RAM 16 GB,Componentes,5,390.00,15,64.37,1950.00,0.00,22.53,-22.53,0.00,Cartão de Crédito,Cancelado,3,
PED-00346,2025-08-30,2025,08,Sudeste,Rio de Janeiro,Loja Física,Bruno,Pessoa Física,Impressora Wi-Fi,Escritório,1,760.00,20,55.20,760.00,99.48,454.17,-354.69,-356.54,PIX,Devolvido,8,
PED-00497,2025-08-30,2025,08,Sudeste,São Paulo,Site,Eduarda,Pessoa Física,Impressora Wi-Fi,Escritório,1,760.00,10,46.58,760.00,730.58,531.30,199.28,27.28,Boleto,Concluído,12,5
PED-00612,2025-08-30,2025,08,Sul,Londrina,Site,Daniel,Pessoa Física,Monitor 24,Eletrônicos,1,920.00,0,27.11,920.00,947.11,649.49,297.62,31.42,Transferência,Concluído,11,3
PED-01197,2025-08-30,2025,08,Nordeste,Salvador,Loja Física,Daniel,Pessoa Física,Cadeira Ergonômica,Móveis,1,1350.00,0,10.21,1350.00,1360.21,883.57,476.64,35.04,PIX,Concluído,4,3
PED-00999,2025-08-31,2025,08,Sul,Londrina,Aplicativo,Felipe,Pessoa Física,Webcam Full HD,Acessórios,1,310.00,10,59.24,310.00,338.24,210.73,127.51,37.70,Boleto,Concluído,9,4
PED-00284,2025-09-01,2025,09,Nordeste,Salvador,Aplicativo,Gabriela,Pessoa Física,Mesa Home Office,Móveis,4,980.00,10,91.75,3920.00,3619.75,2512.11,1107.64,30.60,PIX,Concluído,1,5
PED-00385,2025-09-01,2025,09,Sul,Londrina,Marketplace,Henrique,Pessoa Física,Headset USB,Acessórios,3,260.00,0,52.00,780.00,0.00,18.20,-18.20,0.00,PIX,Cancelado,11,
PED-00103,2025-09-02,2025,09,Norte,Palmas,Aplicativo,Daniel,Pessoa Física,Mesa Home Office,Móveis,6,980.00,20,43.86,5880.00,4747.86,3735.35,1012.51,21.33,Transferência,Concluído,7,4
PED-00569,2025-09-02,2025,09,Centro-Oeste,Cuiabá,Marketplace,Daniel,Corporativo,Smartphone X,Telefonia,4,3200.00,10,72.59,12800.00,1738.89,8351.60,-6612.71,-380.28,Cartão de Crédito,Devolvido,8,
PED-00499,2025-09-03,2025,09,Sul,Florianópolis,Loja Física,Felipe,Média Empresa,Cadeira Ergonômica,Móveis,3,1350.00,5,22.46,4050.00,3869.96,2647.86,1222.10,31.58,Transferência,Concluído,7,1
PED-00625,2025-09-03,2025,09,Nordeste,Natal,Marketplace,Felipe,Média Empresa,Smartphone Y,Telefonia,4,2150.00,0,82.70,8600.00,8682.70,6348.94,2333.76,26.88,PIX,Concluído,12,5
PED-00068,2025-09-04,2025,09,Centro-Oeste,Goiânia,Site,Eduarda,Pessoa Física,Memória RAM 16 GB,Componentes,3,390.00,15,44.20,1170.00,1038.70,750.47,288.23,27.75,Cartão de Crédito,Concluído,11,4
PED-00154,2025-09-04,2025,09,Sudeste,São Paulo,Marketplace,Ana,Pessoa Física,Headset USB,Acessórios,1,260.00,5,51.28,260.00,298.28,172.95,125.33,42.02,Boleto,Concluído,3,4
PED-00157,2025-09-04,2025,09,Sudeste,Rio de Janeiro,Loja Física,Ana,Pessoa Física,Webcam Full HD,Acessórios,8,310.00,10,12.74,2480.00,2244.74,1524.46,720.28,32.09,Cartão de Crédito,Concluído,5,3
PED-00373,2025-09-04,2025,09,Sul,Florianópolis,Aplicativo,Felipe,Pessoa Física,Teclado Mecânico,Acessórios,1,350.00,10,55.20,350.00,55.53,194.92,-139.39,-251.02,PIX,Devolvido,4,
PED-00798,2025-09-04,2025,09,Nordeste,Natal,Site,Felipe,Pessoa Física,SSD 1 TB,Componentes,1,510.00,5,45.99,510.00,530.49,361.10,169.39,31.93,PIX,Concluído,8,5
PED-01467,2025-09-04,2025,09,Sudeste,Rio de Janeiro,Aplicativo,Henrique,Pessoa Física,Monitor 24,Eletrônicos,3,920.00,5,11.52,2760.00,395.03,1635.43,-1240.40,-314.00,Cartão de Crédito,Devolvido,7,
PED-00325,2025-09-05,2025,09,Sudeste,Rio de Janeiro,Loja Física,Felipe,Pessoa Física,Cadeira Ergonômica,Móveis,1,1350.00,15,64.20,1350.00,181.75,767.10,-585.35,-322.06,Cartão de Crédito,Devolvido,8,
PED-00526,2025-09-05,2025,09,Centro-Oeste,Goiânia,Site,Henrique,Pessoa Física,Impressora Wi-Fi,Escritório,2,760.00,0,85.73,1520.00,240.86,901.01,-660.15,-274.08,Transferência,Devolvido,12,
PED-00876,2025-09-05,2025,09,Norte,Manaus,Loja Física,Felipe,Média Empresa,Mouse Sem Fio,Acessórios,5,145.00,0,68.59,725.00,793.59,434.01,359.58,45.31,Transferência,Concluído,1,5
PED-00014,2025-09-06,2025,09,Centro-Oeste,Goiânia,Site,Gabriela,Pessoa Física,Memória RAM 16 GB,Componentes,2,390.00,15,5.15,780.00,100.22,418.03,-317.81,-317.11,Cartão de Crédito,Devolvido,11,
PED-00177,2025-09-06,2025,09,Sudeste,Campinas,Site,Daniel,Pequena Empresa,Smartphone X,Telefonia,2,3200.00,10,52.26,6400.00,871.84,4180.55,-3308.71,-379.51,PIX,Devolvido,8,
PED-00433,2025-09-06,2025,09,Sudeste,São Paulo,Aplicativo,Bruno,Pessoa Física,Teclado Mecânico,Acessórios,1,350.00,10,77.69,350.00,392.69,237.19,155.50,39.60,PIX,Concluído,2,4
PED-00738,2025-09-06,2025,09,Nordeste,Salvador,Aplicativo,Ana,Pessoa Física,Headset USB,Acessórios,3,260.00,5,36.58,780.00,777.58,477.80,299.78,38.55,Boleto,Concluído,2,4
PED-01385,2025-09-06,2025,09,Sudeste,Campinas,Site,Eduarda,Média Empresa,Cadeira Ergonômica,Móveis,1,1350.00,5,64.22,1350.00,202.01,767.11,-565.10,-279.74,PIX,Devolvido,12,
PED-00045,2025-09-07,2025,09,Sul,Londrina,Site,Henrique,Média Empresa,SSD 1 TB,Componentes,1,510.00,0,75.79,510.00,585.79,371.53,214.26,36.58,Boleto,Concluído,5,5
PED-00656,2025-09-08,2025,09,Sul,Porto Alegre,Loja Física,Daniel,Pessoa Física,Notebook Lite 15,Eletrônicos,2,2850.00,0,33.56,5700.00,5733.56,4311.75,1421.81,24.80,PIX,Concluído,7,4
PED-01150,2025-09-08,2025,09,Sudeste,Campinas,Site,Eduarda,Média Empresa,Tablet 10,Telefonia,2,1850.00,20,86.25,3700.00,3046.25,2670.19,376.06,12.35,Transferência,Concluído,10,5
PED-01419,2025-09-08,2025,09,Sul,Londrina,Loja Física,Eduarda,Corporativo,Smartphone X,Telefonia,2,3200.00,5,70.81,6400.00,0.00,24.78,-24.78,0.00,PIX,Cancelado,7,
PED-00223,2025-09-09,2025,09,Sul,Londrina,Site,Eduarda,Pessoa Física,Mesa Home Office,Móveis,2,980.00,10,75.73,1960.00,1839.73,1266.51,573.22,31.16,Cartão de Crédito,Concluído,11,5
PED-01464,2025-09-09,2025,09,Centro-Oeste,Brasília,Site,Felipe,Pessoa Física,Memória RAM 16 GB,Componentes,5,390.00,0,75.52,1950.00,303.83,1063.72,-759.89,-250.10,PIX,Devolvido,12,
PED-01470,2025-09-09,2025,09,Sudeste,São Paulo,Loja Física,Felipe,Pessoa Física,Headset USB,Acessórios,8,260.00,20,79.95,2080.00,1743.95,1267.98,475.97,27.29,Boleto,Concluído,2,4
PED-00557,2025-09-10,2025,09,Sudeste,Campinas,Marketplace,Daniel,Pequena Empresa,Teclado Mecânico,Acessórios,1,350.00,5,15.98,350.00,348.48,215.59,132.89,38.13,Transferência,Concluído,9,5
PED-01264,2025-09-10,2025,09,Centro-Oeste,Brasília,Site,Bruno,Pessoa Física,Tablet 10,Telefonia,2,1850.00,10,21.57,3700.00,0.00,7.55,-7.55,0.00,Transferência,Cancelado,9,
PED-00148,2025-09-11,2025,09,Sul,Florianópolis,Site,Bruno,Pessoa Física,Monitor 24,Eletrônicos,2,920.00,5,54.41,1840.00,1802.41,1299.04,503.37,27.93,Transferência,Concluído,3,4
PED-00747,2025-09-11,2025,09,Sudeste,São Paulo,Marketplace,Eduarda,Média Empresa,Memória RAM 16 GB,Componentes,2,390.00,0,13.93,780.00,793.93,494.88,299.05,37.67,Boleto,Concluído,2,4
PED-00051,2025-09-12,2025,09,Sul,Londrina,Marketplace,Daniel,Pequena Empresa,Monitor 27,Eletrônicos,2,1450.00,15,28.25,2900.00,0.00,9.89,-9.89,0.00,Boleto,Cancelado,7,
PED-00947,2025-09-12,2025,09,Centro-Oeste,Brasília,Loja Física,Henrique,Pequena Empresa,Mouse Sem Fio,Acessórios,1,145.00,0,38.34,145.00,27.50,81.11,-53.61,-194.95,Transferência,Devolvido,11,
PED-01064,2025-09-12,2025,09,Nordeste,Salvador,Site,Gabriela,Pessoa Física,Mouse Sem Fio,Acessórios,1,145.00,5,46.55,145.00,184.30,98.29,86.01,46.67,Transferência,Concluído,9,4
PED-01254,2025-09-12,2025,09,Norte,Palmas,Site,Henrique,Pessoa Física,Cadeira Ergonômica,Móveis,1,1350.00,5,14.53,1350.00,1297.03,885.09,411.94,31.76,PIX,Concluído,2,4
PED-01111,2025-09-13,2025,09,Nordeste,Natal,Site,Daniel,Pessoa Física,Notebook Lite 15,Eletrônicos,1,2850.00,0,19.97,2850.00,2869.97,2156.99,712.98,24.84,Cartão de Crédito,Concluído,12,1
PED-01088,2025-09-14,2025,09,Sudeste,Belo Horizonte,Site,Carla,Pessoa Física,Impressora Wi-Fi,Escritório,3,760.00,20,86.19,2280.00,286.53,1338.89,-1052.36,-367.28,Transferência,Devolvido,3,
PED-00175,2025-09-15,2025,09,Nordeste,Natal,Marketplace,Daniel,Pessoa Física,Webcam Full HD,Acessórios,1,310.00,0,37.59,310.00,0.00,13.16,-13.16,0.00,Boleto,Cancelado,7,
PED-01311,2025-09-15,2025,09,Norte,Belém,Marketplace,Carla,Pessoa Física,Mesa Home Office,Móveis,1,980.00,15,75.79,980.00,136.32,549.55,-413.23,-303.13,Transferência,Devolvido,5,
PED-00040,2025-09-16,2025,09,Sul,Curitiba,Aplicativo,Felipe,Pessoa Física,Monitor 24,Eletrônicos,1,920.00,20,3.82,920.00,739.82,641.34,98.48,13.31,Cartão de Crédito,Concluído,4,3
PED-00417,2025-09-16,2025,09,Sul,Florianópolis,Aplicativo,Ana,Pequena Empresa,Teclado Mecânico,Acessórios,3,350.00,15,70.20,1050.00,144.41,556.38,-411.97,-285.28,Boleto,Devolvido,8,
PED-00860,2025-09-16,2025,09,Sudeste,Belo Horizonte,Loja Física,Ana,Pessoa Física,Impressora Wi-Fi,Escritório,1,760.00,5,1.66,760.00,723.66,515.58,208.08,28.75,Cartão de Crédito,Concluído,5,5
PED-01241,2025-09-16,2025,09,Sudeste,Belo Horizonte,Marketplace,Bruno,Média Empresa,Notebook Lite 15,Eletrônicos,2,2850.00,10,67.21,5700.00,779.58,3674.99,-2895.41,-371.41,Cartão de Crédito,Devolvido,5,
PED-01092,2025-09-18,2025,09,Sudeste,Rio de Janeiro,Site,Henrique,Pessoa Física,Tablet 10,Telefonia,1,1850.00,0,7.23,1850.00,1857.23,1322.53,534.70,28.79,Transferência,Concluído,9,5
PED-01239,2025-09-18,2025,09,Centro-Oeste,Campo Grande,Loja Física,Bruno,Pessoa Física,Impressora Wi-Fi,Escritório,1,760.00,0,13.13,760.00,773.13,519.60,253.53,32.79,Boleto,Concluído,1,2
PED-01343,2025-09-18,2025,09,Nordeste,Natal,Aplicativo,Gabriela,Corporativo,Mesa Home Office,Móveis,3,980.00,10,17.91,2940.00,2663.91,1866.27,797.64,29.94,Cartão de Crédito,Concluído,10,4
PED-01404,2025-09-18,2025,09,Norte,Palmas,Site,Daniel,Pessoa Física,Teclado Mecânico,Acessórios,4,350.00,0,17.70,1400.00,1417.70,846.20,571.50,40.31,Cartão de Crédito,Concluído,2,2
PED-00500,2025-09-19,2025,09,Sudeste,Rio de Janeiro,Site,Carla,Média Empresa,Mesa Home Office,Móveis,3,980.00,15,72.84,2940.00,2571.84,1885.49,686.35,26.69,Cartão de Crédito,Concluído,1,3
PED-00508,2025-09-20,2025,09,Sudeste,São Paulo,Site,Daniel,Pessoa Física,Monitor 24,Eletrônicos,2,920.00,10,63.73,1840.00,0.00,22.31,-22.31,0.00,Cartão de Crédito,Cancelado,12,
PED-01310,2025-09-20,2025,09,Sudeste,Rio de Janeiro,Marketplace,Ana,Pessoa Física,Webcam Full HD,Acessórios,1,310.00,5,3.70,310.00,298.20,191.29,106.91,35.85,PIX,Concluído,8,3
PED-00425,2025-09-21,2025,09,Nordeste,Fortaleza,Loja Física,Gabriela,Pessoa Física,Mouse Sem Fio,Acessórios,10,145.00,0,77.22,1450.00,1527.22,847.03,680.19,44.54,PIX,Concluído,8,2
PED-00181,2025-09-22,2025,09,Sul,Porto Alegre,Marketplace,Gabriela,Pessoa Física,Webcam Full HD,Acessórios,3,310.00,10,14.32,930.00,851.32,575.01,276.31,32.46,Transferência,Concluído,8,3
PED-00846,2025-09-22,2025,09,Sul,Curitiba,Aplicativo,Carla,Pessoa Física,Headset USB,Acessórios,2,260.00,5,53.56,520.00,82.13,279.44,-197.31,-240.24,Cartão de Crédito,Devolvido,10,
PED-01140,2025-09-22,2025,09,Sul,Londrina,Marketplace,Daniel,Pessoa Física,Mouse Sem Fio,Acessórios,2,145.00,10,50.19,290.00,311.19,181.57,129.62,41.65,PIX,Concluído,7,3
PED-01309,2025-09-22,2025,09,Sudeste,Belo Horizonte,Loja Física,Gabriela,Pessoa Física,Smartphone X,Telefonia,1,3200.00,5,28.19,3200.00,460.23,2090.89,-1630.66,-354.31,Transferência,Devolvido,6,
PED-00221,2025-09-23,2025,09,Sudeste,São Paulo,Site,Henrique,Média Empresa,Monitor 24,Eletrônicos,1,920.00,15,76.84,920.00,858.84,666.89,191.95,22.35,Cartão de Crédito,Concluído,1,5
PED-01229,2025-09-23,2025,09,Centro-Oeste,Goiânia,Site,Henrique,Corporativo,Monitor 24,Eletrônicos,2,920.00,5,15.39,1840.00,1763.39,1285.39,478.00,27.11,Cartão de Crédito,Concluído,9,4
PED-00146,2025-09-25,2025,09,Nordeste,Salvador,Loja Física,Henrique,Pessoa Física,Smartphone Y,Telefonia,2,2150.00,5,85.04,4300.00,625.51,2711.30,-2085.79,-333.45,Cartão de Crédito,Devolvido,5,
PED-00588,2025-09-25,2025,09,Nordeste,Fortaleza,Loja Física,Gabriela,Corporativo,Notebook Pro 14,Eletrônicos,4,4200.00,10,1.13,16800.00,2268.17,10710.34,-8442.17,-372.20,PIX,Devolvido,9,
PED-00815,2025-09-25,2025,09,Sudeste,Campinas,Marketplace,Eduarda,Média Empresa,Smartphone X,Telefonia,1,3200.00,10,32.28,3200.00,2912.28,2461.30,450.98,15.49,PIX,Concluído,5,4
PED-00856,2025-09-25,2025,09,Sudeste,Campinas,Loja Física,Bruno,Pessoa Física,Impressora Wi-Fi,Escritório,1,760.00,10,9.63,760.00,693.63,518.37,175.26,25.27,PIX,Concluído,1,3
PED-01008,2025-09-25,2025,09,Sudeste,São Paulo,Site,Daniel,Pessoa Física,Webcam Full HD,Acessórios,1,310.00,10,90.25,310.00,369.25,221.59,147.66,39.99,Transferência,Concluído,9,4
PED-01215,2025-09-25,2025,09,Sul,Londrina,Marketplace,Bruno,Pessoa Física,Cadeira Ergonômica,Móveis,2,1350.00,15,81.76,2700.00,2376.76,1788.62,588.14,24.75,PIX,Concluído,1,3
PED-01282,2025-09-25,2025,09,Sul,Porto Alegre,Loja Física,Felipe,Pequena Empresa,Cadeira Ergonômica,Móveis,2,1350.00,10,42.78,2700.00,0.00,14.97,-14.97,0.00,Cartão de Crédito,Cancelado,2,
PED-00205,2025-09-26,2025,09,Sudeste,São Paulo,Aplicativo,Gabriela,Pessoa Física,Headset USB,Acessórios,3,260.00,5,39.47,780.00,117.07,406.99,-289.92,-247.65,Cartão de Crédito,Devolvido,7,
PED-00991,2025-09-26,2025,09,Sul,Londrina,Site,Eduarda,Pequena Empresa,Smartphone X,Telefonia,1,3200.00,20,18.08,3200.00,0.00,6.33,-6.33,0.00,Cartão de Crédito,Cancelado,3,
PED-01366,2025-09-26,2025,09,Sudeste,Rio de Janeiro,Aplicativo,Carla,Pessoa Física,Teclado Mecânico,Acessórios,1,350.00,10,1.60,350.00,316.60,210.56,106.04,33.49,PIX,Concluído,10,4
PED-01418,2025-09-26,2025,09,Sudeste,Belo Horizonte,Loja Física,Ana,Pessoa Física,Notebook Lite 15,Eletrônicos,2,2850.00,10,47.74,5700.00,5177.74,4316.71,861.03,16.63,Transferência,Concluído,8,5
PED-00704,2025-09-27,2025,09,Nordeste,Salvador,Loja Física,Daniel,Pequena Empresa,Notebook Lite 15,Eletrônicos,2,2850.00,0,10.00,5700.00,5710.00,4303.50,1406.50,24.63,Cartão de Crédito,Concluído,3,4
PED-00938,2025-09-27,2025,09,Nordeste,Fortaleza,Marketplace,Gabriela,Pessoa Física,Teclado Mecânico,Acessórios,8,350.00,15,84.31,2800.00,2464.31,1709.51,754.80,30.63,Cartão de Crédito,Concluído,10,4
PED-01173,2025-09-27,2025,09,Sudeste,Belo Horizonte,Site,Daniel,Pessoa Física,Notebook Pro 14,Eletrônicos,2,4200.00,0,12.60,8400.00,8412.60,6304.41,2108.19,25.06,PIX,Concluído,6,5
PED-00546,2025-09-28,2025,09,Nordeste,Natal,Loja Física,Henrique,Pequena Empresa,Memória RAM 16 GB,Componentes,2,390.00,0,48.05,780.00,828.05,506.82,321.23,38.79,Cartão de Crédito,Concluído,12,4
PED-00790,2025-09-28,2025,09,Sul,Curitiba,Marketplace,Henrique,Pessoa Física,Mouse Sem Fio,Acessórios,2,145.00,10,52.88,290.00,313.88,182.51,131.37,41.85,Cartão de Crédito,Concluído,1,4
PED-01437,2025-09-29,2025,09,Sudeste,Rio de Janeiro,Loja Física,Gabriela,Média Empresa,Mesa Home Office,Móveis,1,980.00,0,79.39,980.00,1059.39,647.79,411.60,38.85,Transferência,Concluído,3,4
PED-00662,2025-09-30,2025,09,Sul,Londrina,Loja Física,Carla,Pessoa Física,Monitor 27,Eletrônicos,4,1450.00,15,47.68,5800.00,746.65,3482.19,-2735.54,-366.38,PIX,Devolvido,7,
PED-00931,2025-09-30,2025,09,Norte,Palmas,Marketplace,Gabriela,Pequena Empresa,Monitor 27,Eletrônicos,5,1450.00,10,4.00,7250.00,6529.00,5101.40,1427.60,21.87,Cartão de Crédito,Concluído,10,5
PED-01210,2025-09-30,2025,09,Sudeste,Rio de Janeiro,Aplicativo,Ana,Pessoa Física,Memória RAM 16 GB,Componentes,3,390.00,5,73.67,1170.00,177.78,646.66,-468.88,-263.74,Transferência,Devolvido,12,
PED-01430,2025-09-30,2025,09,Nordeste,Recife,Marketplace,Henrique,Corporativo,Webcam Full HD,Acessórios,1,310.00,15,66.01,310.00,329.51,213.10,116.41,35.33,PIX,Concluído,10,4
PED-00005,2025-10-01,2025,10,Sul,Porto Alegre,Marketplace,Daniel,Pessoa Física,Monitor 24,Eletrônicos,2,920.00,20,60.80,1840.00,0.00,21.28,-21.28,0.00,Boleto,Cancelado,4,
PED-00193,2025-10-01,2025,10,Sudeste,Campinas,Aplicativo,Eduarda,Média Empresa,Monitor 27,Eletrônicos,1,1450.00,15,23.72,1450.00,188.43,874.05,-685.62,-363.86,PIX,Devolvido,6,
PED-00487,2025-10-01,2025,10,Nordeste,Salvador,Aplicativo,Gabriela,Pessoa Física,Notebook Pro 14,Eletrônicos,1,4200.00,0,46.39,4200.00,636.96,2691.30,-2054.34,-322.52,PIX,Devolvido,11,
PED-00493,2025-10-01,2025,10,Nordeste,Fortaleza,Loja Física,Daniel,Pessoa Física,Mesa Home Office,Móveis,1,980.00,0,23.33,980.00,1003.33,628.17,375.16,37.39,Transferência,Concluído,8,4
PED-00534,2025-10-01,2025,10,Centro-Oeste,Brasília,Loja Física,Henrique,Pequena Empresa,Teclado Mecânico,Acessórios,8,350.00,10,92.59,2800.00,0.00,32.41,-32.41,0.00,Cartão de Crédito,Cancelado,10,
PED-00681,2025-10-02,2025,10,Norte,Manaus,Loja Física,Ana,Corporativo,Teclado Mecânico,Acessórios,1,350.00,10,32.15,350.00,52.07,188.06,-135.99,-261.17,PIX,Devolvido,2,
PED-01434,2025-10-02,2025,10,Sudeste,Campinas,Marketplace,Eduarda,Pessoa Física,Memória RAM 16 GB,Componentes,2,390.00,10,46.02,780.00,0.00,16.11,-16.11,0.00,Transferência,Cancelado,1,
PED-00246,2025-10-03,2025,10,Sul,Curitiba,Site,Daniel,Média Empresa,Impressora Wi-Fi,Escritório,2,760.00,5,49.07,1520.00,1493.07,1047.17,445.90,29.86,PIX,Concluído,1,4
PED-00250,2025-10-03,2025,10,Sul,Curitiba,Marketplace,Carla,Pequena Empresa,Impressora Wi-Fi,Escritório,3,760.00,0,23.98,2280.00,2303.98,1553.39,750.59,32.58,Boleto,Concluído,12,5
PED-00894,2025-10-03,2025,10,Norte,Palmas,Aplicativo,Eduarda,Pessoa Física,Webcam Full HD,Acessórios,1,310.00,10,78.78,310.00,357.78,217.57,140.21,39.19,Transferência,Concluído,8,4
PED-00785,2025-10-04,2025,10,Sul,Florianópolis,Loja Física,Bruno,Pessoa Física,Cadeira Ergonômica,Móveis,5,1350.00,5,1.79,6750.00,6414.29,4400.63,2013.66,31.39,PIX,Concluído,7,4
PED-01171,2025-10-04,2025,10,Centro-Oeste,Campo Grande,Marketplace,Eduarda,Pessoa Física,Notebook Pro 14,Eletrônicos,1,4200.00,20,84.12,4200.00,516.62,2702.52,-2185.90,-423.12,Transferência,Devolvido,7,
PED-00334,2025-10-05,2025,10,Nordeste,Fortaleza,Loja Física,Henrique,Pessoa Física,SSD 1 TB,Componentes,1,510.00,0,69.14,510.00,86.87,313.82,-226.95,-261.25,Cartão de Crédito,Devolvido,5,
PED-00890,2025-10-05,2025,10,Nordeste,Fortaleza,Marketplace,Eduarda,Corporativo,Memória RAM 16 GB,Componentes,1,390.00,15,23.66,390.00,355.16,253.28,101.88,28.69,Boleto,Concluído,11,4
PED-01400,2025-10-05,2025,10,Sudeste,Belo Horizonte,Marketplace,Ana,Pessoa Física,Teclado Mecânico,Acessórios,3,350.00,20,62.88,1050.00,902.88,652.01,250.87,27.79,Boleto,Concluído,5,2
PED-01055,2025-10-06,2025,10,Centro-Oeste,Campo Grande,Marketplace,Felipe,Pessoa Física,Headset USB,Acessórios,2,260.00,10,79.63,520.00,0.00,27.87,-27.87,0.00,Boleto,Cancelado,4,
PED-01492,2025-10-06,2025,10,Nordeste,Natal,Loja Física,Henrique,Média Empresa,Mesa Home Office,Móveis,2,980.00,0,64.07,1960.00,2024.07,1262.42,761.65,37.63,Boleto,Concluído,11,5
PED-00837,2025-10-07,2025,10,Nordeste,Natal,Marketplace,Eduarda,Pessoa Física,Notebook Lite 15,Eletrônicos,1,2850.00,10,2.89,2850.00,385.18,1828.36,-1443.18,-374.68,Transferência,Devolvido,8,
PED-00960,2025-10-07,2025,10,Nordeste,Natal,Loja Física,Gabriela,Pessoa Física,Impressora Wi-Fi,Escritório,5,760.00,15,46.38,3800.00,0.00,16.23,-16.23,0.00,Transferência,Cancelado,1,
PED-00974,2025-10-07,2025,10,Nordeste,Recife,Site,Felipe,Pessoa Física,Teclado Mecânico,Acessórios,5,350.00,0,88.47,1750.00,1838.47,1080.96,757.51,41.20,Cartão de Crédito,Concluído,10,5
PED-00049,2025-10-08,2025,10,Norte,Porto Velho,Loja Física,Carla,Pequena Empresa,Notebook Lite 15,Eletrônicos,4,2850.00,0,1.17,11400.00,11401.17,8600.41,2800.76,24.57,Boleto,Concluído,8,4
PED-00198,2025-10-08,2025,10,Nordeste,Fortaleza,Site,Carla,Pessoa Física,Monitor 24,Eletrônicos,3,920.00,10,71.75,2760.00,2555.75,1945.11,610.64,23.89,Cartão de Crédito,Concluído,11,2
PED-01188,2025-10-09,2025,10,Nordeste,Salvador,Loja Física,Henrique,Pessoa Física,Tablet 10,Telefonia,2,1850.00,5,14.24,3700.00,0.00,4.98,-4.98,0.00,Transferência,Cancelado,10,
PED-01302,2025-10-09,2025,10,Sul,Porto Alegre,Loja Física,Eduarda,Média Empresa,Notebook Lite 15,Eletrônicos,2,2850.00,0,15.48,5700.00,0.00,5.42,-5.42,0.00,Boleto,Cancelado,10,
PED-00315,2025-10-10,2025,10,Nordeste,Natal,Marketplace,Henrique,Pessoa Física,Tablet 10,Telefonia,2,1850.00,5,93.91,3700.00,0.00,32.87,-32.87,0.00,Transferência,Cancelado,6,
PED-01145,2025-10-10,2025,10,Nordeste,Recife,Marketplace,Ana,Pequena Empresa,Smartphone X,Telefonia,1,3200.00,0,60.71,3200.00,3260.71,2471.25,789.46,24.21,PIX,Concluído,4,3
PED-01290,2025-10-10,2025,10,Nordeste,Recife,Site,Eduarda,Pessoa Física,Impressora Wi-Fi,Escritório,10,760.00,5,64.25,7600.00,7284.25,5172.49,2111.76,28.99,Cartão de Crédito,Concluído,1,1
PED-00791,2025-10-11,2025,10,Norte,Palmas,Site,Eduarda,Pessoa Física,Smartphone X,Telefonia,2,3200.00,0,16.58,6400.00,0.00,5.80,-5.80,0.00,Cartão de Crédito,Cancelado,11,
PED-01337,2025-10-11,2025,10,Sudeste,Rio de Janeiro,Site,Henrique,Pessoa Física,Teclado Mecânico,Acessórios,5,350.00,0,83.20,1750.00,1833.20,1079.12,754.08,41.13,Cartão de Crédito,Concluído,6,5
PED-01484,2025-10-11,2025,10,Sudeste,Campinas,Site,Gabriela,Corporativo,SSD 1 TB,Componentes,5,510.00,10,19.45,2550.00,2314.45,1731.81,582.64,25.17,Transferência,Concluído,6,2
PED-00551,2025-10-12,2025,10,Centro-Oeste,Brasília,Marketplace,Eduarda,Pessoa Física,Monitor 24,Eletrônicos,1,920.00,10,18.28,920.00,0.00,6.40,-6.40,0.00,Cartão de Crédito,Cancelado,9,
PED-00647,2025-10-12,2025,10,Nordeste,Natal,Site,Eduarda,Pessoa Física,Teclado Mecânico,Acessórios,3,350.00,0,43.33,1050.00,1093.33,645.17,448.16,40.99,PIX,Concluído,11,4
PED-00887,2025-10-12,2025,10,Nordeste,Salvador,Aplicativo,Carla,Pessoa Física,Monitor 24,Eletrônicos,1,920.00,0,55.64,920.00,0.00,19.47,-19.47,0.00,Transferência,Cancelado,8,
PED-01043,2025-10-12,2025,10,Sudeste,Belo Horizonte,Site,Felipe,Média Empresa,Tablet 10,Telefonia,5,1850.00,5,46.34,9250.00,1325.08,5623.79,-4298.71,-324.41,PIX,Devolvido,10,
PED-00086,2025-10-13,2025,10,Centro-Oeste,Brasília,Marketplace,Eduarda,Pessoa Física,Webcam Full HD,Acessórios,1,310.00,10,87.55,310.00,366.55,220.64,145.91,39.81,PIX,Concluído,1,3
PED-00687,2025-10-13,2025,10,Sudeste,Rio de Janeiro,Site,Gabriela,Pessoa Física,Teclado Mecânico,Acessórios,2,350.00,5,92.42,700.00,0.00,32.35,-32.35,0.00,Boleto,Cancelado,11,
PED-00372,2025-10-14,2025,10,Sudeste,Campinas,Loja Física,Bruno,Pequena Empresa,Webcam Full HD,Acessórios,2,310.00,10,82.91,620.00,96.14,347.67,-251.53,-261.63,Transferência,Devolvido,4,
PED-00930,2025-10-14,2025,10,Centro-Oeste,Cuiabá,Marketplace,Eduarda,Corporativo,Cadeira Ergonômica,Móveis,1,1350.00,0,76.57,1350.00,1426.57,906.80,519.77,36.43,Transferência,Concluído,10,4
PED-01303,2025-10-14,2025,10,Sudeste,Campinas,Marketplace,Carla,Pessoa Física,Notebook Pro 14,Eletrônicos,1,4200.00,5,8.56,4200.00,3998.56,3153.00,845.56,21.15,Boleto,Concluído,2,4
PED-00443,2025-10-15,2025,10,Sudeste,Campinas,Marketplace,Carla,Pequena Empresa,Teclado Mecânico,Acessórios,1,350.00,0,14.89,350.00,54.73,182.93,-128.20,-234.24,PIX,Devolvido,10,
PED-01019,2025-10-15,2025,10,Nordeste,Recife,Loja Física,Ana,Pequena Empresa,Mesa Home Office,Móveis,8,980.00,0,65.52,7840.00,7905.52,4982.93,2922.59,36.97,Transferência,Concluído,11,2
PED-00022,2025-10-16,2025,10,Nordeste,Recife,Loja Física,Eduarda,Pessoa Física,Headset USB,Acessórios,1,260.00,15,4.83,260.00,33.87,133.19,-99.32,-293.24,Boleto,Devolvido,7,
PED-00236,2025-10-16,2025,10,Sudeste,São Paulo,Marketplace,Henrique,Pessoa Física,Mesa Home Office,Móveis,2,980.00,5,27.98,1960.00,283.50,1062.32,-778.82,-274.72,Transferência,Devolvido,11,
PED-01293,2025-10-16,2025,10,Centro-Oeste,Cuiabá,Site,Eduarda,Pequena Empresa,Notebook Pro 14,Eletrônicos,2,4200.00,5,1.43,8400.00,0.00,0.50,-0.50,0.00,Transferência,Cancelado,4,
PED-00062,2025-10-17,2025,10,Centro-Oeste,Campo Grande,Aplicativo,Henrique,Pessoa Física,Mesa Home Office,Móveis,1,980.00,10,51.63,980.00,933.63,638.07,295.56,31.66,PIX,Concluído,6,5
PED-00252,2025-10-17,2025,10,Nordeste,Natal,Site,Eduarda,Pequena Empresa,Mesa Home Office,Móveis,5,980.00,0,67.55,4900.00,745.13,2655.09,-1909.96,-256.33,PIX,Devolvido,5,
PED-00511,2025-10-17,2025,10,Sul,Florianópolis,Marketplace,Gabriela,Média Empresa,Cadeira Ergonômica,Móveis,1,1350.00,20,72.55,1350.00,1152.55,905.39,247.16,21.44,Transferência,Concluído,9,5
PED-00032,2025-10-18,2025,10,Sudeste,Rio de Janeiro,Loja Física,Daniel,Média Empresa,Smartphone X,Telefonia,1,3200.00,0,93.47,3200.00,0.00,32.71,-32.71,0.00,Transferência,Cancelado,2,
PED-00099,2025-10-18,2025,10,Nordeste,Recife,Site,Carla,Média Empresa,Cadeira Ergonômica,Móveis,1,1350.00,10,62.90,1350.00,1277.90,902.01,375.89,29.41,Cartão de Crédito,Concluído,10,5
PED-00423,2025-10-18,2025,10,Sudeste,São Paulo,Marketplace,Ana,Corporativo,Cadeira Ergonômica,Móveis,3,1350.00,15,90.30,4050.00,529.92,2270.87,-1740.95,-328.53,Cartão de Crédito,Devolvido,2,
PED-01379,2025-10-18,2025,10,Sudeste,São Paulo,Site,Gabriela,Corporativo,Memória RAM 16 GB,Componentes,2,390.00,5,51.75,780.00,792.75,508.11,284.64,35.91,Transferência,Concluído,8,4
PED-00341,2025-10-19,2025,10,Sudeste,São Paulo,Site,Eduarda,Pessoa Física,Cadeira Ergonômica,Móveis,2,1350.00,5,66.54,2700.00,2631.54,1783.29,848.25,32.23,PIX,Concluído,4,4
PED-01421,2025-10-19,2025,10,Sul,Porto Alegre,Loja Física,Bruno,Pessoa Física,Mouse Sem Fio,Acessórios,2,145.00,5,83.60,290.00,53.87,164.27,-110.40,-204.94,Cartão de Crédito,Devolvido,2,
PED-00017,2025-10-20,2025,10,Nordeste,Natal,Site,Eduarda,Pessoa Física,Impressora Wi-Fi,Escritório,1,760.00,10,5.79,760.00,689.79,517.03,172.76,25.05,Transferência,Concluído,1,2
PED-00113,2025-10-20,2025,10,Centro-Oeste,Brasília,Aplicativo,Felipe,Pessoa Física,Smartphone Y,Telefonia,4,2150.00,5,38.00,8600.00,8208.00,6333.30,1874.70,22.84,PIX,Concluído,7,4
PED-00282,2025-10-20,2025,10,Centro-Oeste,Brasília,Site,Carla,Pessoa Física,Impressora Wi-Fi,Escritório,1,760.00,0,74.63,760.00,834.63,541.12,293.51,35.17,Cartão de Crédito,Concluído,11,3
PED-01160,2025-10-20,2025,10,Norte,Palmas,Aplicativo,Carla,Pessoa Física,Mouse Sem Fio,Acessórios,2,145.00,10,89.55,290.00,350.55,195.34,155.21,44.28,Transferência,Concluído,10,4
PED-00031,2025-10-21,2025,10,Sul,Florianópolis,Marketplace,Henrique,Pequena Empresa,Headset USB,Acessórios,2,260.00,15,91.18,520.00,79.98,290.62,-210.64,-263.37,Cartão de Crédito,Devolvido,3,
PED-00096,2025-10-21,2025,10,Nordeste,Salvador,Marketplace,Gabriela,Pessoa Física,Monitor 24,Eletrônicos,2,920.00,15,85.11,1840.00,1649.11,1309.79,339.32,20.58,Boleto,Concluído,10,5
PED-00530,2025-10-22,2025,10,Sul,Londrina,Site,Daniel,Pequena Empresa,Headset USB,Acessórios,3,260.00,15,81.08,780.00,111.61,419.37,-307.76,-275.75,Transferência,Devolvido,11,
PED-00108,2025-10-23,2025,10,Sudeste,São Paulo,Site,Henrique,Pessoa Física,Webcam Full HD,Acessórios,4,310.00,5,50.93,1240.00,184.34,661.16,-476.82,-258.66,PIX,Devolvido,9,
PED-00384,2025-10-23,2025,10,Sudeste,Rio de Janeiro,Aplicativo,Ana,Pequena Empresa,Mouse Sem Fio,Acessórios,1,145.00,5,81.26,145.00,0.00,28.44,-28.44,0.00,Transferência,Cancelado,1,
PED-00752,2025-10-23,2025,10,Norte,Palmas,Aplicativo,Carla,Pessoa Física,Monitor 27,Eletrônicos,1,1450.00,20,59.26,1450.00,182.89,884.63,-701.74,-383.70,Boleto,Devolvido,3,
PED-01061,2025-10-23,2025,10,Norte,Belém,Site,Daniel,Pequena Empresa,Memória RAM 16 GB,Componentes,1,390.00,10,25.56,390.00,376.56,253.95,122.61,32.56,Transferência,Concluído,9,3
PED-01289,2025-10-23,2025,10,Centro-Oeste,Goiânia,Aplicativo,Eduarda,Corporativo,Notebook Lite 15,Eletrônicos,3,2850.00,10,8.08,8550.00,0.00,2.83,-2.83,0.00,Transferência,Cancelado,1,
PED-00090,2025-10-24,2025,10,Sudeste,Campinas,Loja Física,Carla,Pessoa Física,Smartphone X,Telefonia,2,3200.00,0,53.08,6400.00,967.96,4180.79,-3212.83,-331.92,Cartão de Crédito,Devolvido,6,
PED-00716,2025-10-24,2025,10,Sudeste,Campinas,Marketplace,Bruno,Pessoa Física,Impressora Wi-Fi,Escritório,2,760.00,0,91.92,1520.00,1611.92,1062.17,549.75,34.11,Transferência,Concluído,7,5
PED-00803,2025-10-24,2025,10,Nordeste,Recife,Loja Física,Bruno,Pessoa Física,Memória RAM 16 GB,Componentes,1,390.00,10,64.02,390.00,415.02,267.41,147.61,35.57,PIX,Concluído,7,4
PED-00390,2025-10-25,2025,10,Sudeste,São Paulo,Marketplace,Bruno,Pequena Empresa,Headset USB,Acessórios,1,260.00,10,39.39,260.00,273.39,168.79,104.60,38.26,PIX,Concluído,6,4
PED-00828,2025-10-25,2025,10,Centro-Oeste,Cuiabá,Marketplace,Eduarda,Pessoa Física,Headset USB,Acessórios,1,260.00,5,70.94,260.00,317.94,179.83,138.11,43.44,Transferência,Concluído,3,4
PED-00053,2025-10-26,2025,10,Sudeste,Belo Horizonte,Loja Física,Henrique,Pessoa Física,Notebook Lite 15,Eletrônicos,1,2850.00,0,75.17,2850.00,0.00,26.31,-26.31,0.00,PIX,Cancelado,11,
PED-00454,2025-10-26,2025,10,Sudeste,Rio de Janeiro,Loja Física,Felipe,Pessoa Física,Headset USB,Acessórios,1,260.00,10,31.00,260.00,0.00,10.85,-10.85,0.00,Transferência,Cancelado,11,
PED-00929,2025-10-26,2025,10,Sul,Curitiba,Aplicativo,Felipe,Pessoa Física,Webcam Full HD,Acessórios,4,310.00,5,66.65,1240.00,1244.65,783.33,461.32,37.06,Cartão de Crédito,Concluído,7,2
PED-00952,2025-10-26,2025,10,Sudeste,Rio de Janeiro,Marketplace,Carla,Média Empresa,Monitor 27,Eletrônicos,2,1450.00,10,94.75,2900.00,2704.75,2073.16,631.59,23.35,Transferência,Concluído,8,5
PED-00388,2025-10-27,2025,10,Sudeste,Belo Horizonte,Site,Gabriela,Pessoa Física,Memória RAM 16 GB,Componentes,3,390.00,10,10.38,1170.00,159.51,627.84,-468.33,-293.61,Cartão de Crédito,Devolvido,11,
PED-00783,2025-10-27,2025,10,Sul,Florianópolis,Site,Bruno,Pessoa Física,Webcam Full HD,Acessórios,5,310.00,10,59.08,1550.00,1454.08,970.68,483.40,33.24,PIX,Concluído,2,3
PED-00255,2025-10-28,2025,10,Sul,Florianópolis,Loja Física,Carla,Corporativo,Monitor 27,Eletrônicos,5,1450.00,10,21.11,7250.00,6546.11,5107.39,1438.72,21.98,Transferência,Concluído,12,5
PED-01491,2025-10-28,2025,10,Sudeste,Rio de Janeiro,Site,Gabriela,Pessoa Física,Teclado Mecânico,Acessórios,1,350.00,0,55.83,350.00,405.83,229.54,176.29,43.44,Cartão de Crédito,Concluído,3,5
PED-00234,2025-10-29,2025,10,Sudeste,São Paulo,Site,Carla,Média Empresa,Notebook Pro 14,Eletrônicos,1,4200.00,0,89.47,4200.00,4289.47,3181.31,1108.16,25.83,Transferência,Concluído,6,4
PED-00349,2025-10-29,2025,10,Sudeste,Rio de Janeiro,Marketplace,Felipe,Pequena Empresa,Memória RAM 16 GB,Componentes,1,390.00,15,86.88,390.00,0.00,30.41,-30.41,0.00,Cartão de Crédito,Cancelado,3,
PED-00690,2025-10-29,2025,10,Sudeste,Campinas,Site,Daniel,Pessoa Física,SSD 1 TB,Componentes,1,510.00,20,66.88,510.00,474.88,368.41,106.47,22.42,Transferência,Concluído,12,1
PED-00726,2025-10-29,2025,10,Nordeste,Natal,Marketplace,Gabriela,Corporativo,SSD 1 TB,Componentes,1,510.00,0,80.37,510.00,88.56,317.16,-228.60,-258.13,Transferência,Devolvido,5,
PED-00896,2025-10-29,2025,10,Sudeste,Campinas,Loja Física,Felipe,Pessoa Física,Smartphone Y,Telefonia,3,2150.00,15,58.67,6450.00,5541.17,4760.53,780.64,14.09,PIX,Concluído,5,3
PED-01335,2025-10-29,2025,10,Nordeste,Recife,Site,Carla,Pessoa Física,Teclado Mecânico,Acessórios,1,350.00,0,93.80,350.00,66.57,206.41,-139.84,-210.06,PIX,Devolvido,4,
PED-00070,2025-10-30,2025,10,Sudeste,Campinas,Site,Ana,Média Empresa,Mesa Home Office,Móveis,3,980.00,15,85.78,2940.00,2584.78,1890.02,694.76,26.88,PIX,Concluído,10,5
PED-00147,2025-10-30,2025,10,Sul,Porto Alegre,Aplicativo,Henrique,Pessoa Física,Smartphone Y,Telefonia,3,2150.00,10,39.51,6450.00,0.00,13.83,-13.83,0.00,PIX,Cancelado,8,
PED-00283,2025-10-30,2025,10,Nordeste,Salvador,Site,Henrique,Pessoa Física,Headset USB,Acessórios,5,260.00,10,82.16,1300.00,187.82,683.20,-495.38,-263.75,Transferência,Devolvido,11,
PED-00585,2025-10-30,2025,10,Sul,Porto Alegre,Marketplace,Henrique,Pessoa Física,SSD 1 TB,Componentes,1,510.00,5,41.09,510.00,525.59,359.38,166.21,31.62,Transferência,Concluído,8,4
PED-01002,2025-10-30,2025,10,Nordeste,Recife,Marketplace,Eduarda,Pessoa Física,Notebook Lite 15,Eletrônicos,2,2850.00,10,81.01,5700.00,5211.01,4328.35,882.66,16.94,Boleto,Concluído,5,3
PED-01046,2025-10-30,2025,10,Nordeste,Fortaleza,Loja Física,Felipe,Pessoa Física,Headset USB,Acessórios,2,260.00,5,11.14,520.00,75.77,266.81,-191.04,-252.13,PIX,Devolvido,5,
PED-00267,2025-10-31,2025,10,Sul,Curitiba,Loja Física,Ana,Média Empresa,Cadeira Ergonômica,Móveis,2,1350.00,10,40.47,2700.00,2470.47,1774.16,696.31,28.19,Cartão de Crédito,Concluído,2,5
PED-01161,2025-10-31,2025,10,Sudeste,Belo Horizonte,Site,Felipe,Pessoa Física,SSD 1 TB,Componentes,3,510.00,10,13.96,1530.00,0.00,4.89,-4.89,0.00,Boleto,Cancelado,2,
PED-01415,2025-10-31,2025,10,Sudeste,Campinas,Site,Eduarda,Pequena Empresa,Mouse Sem Fio,Acessórios,1,145.00,10,32.27,145.00,162.77,93.29,69.48,42.69,PIX,Concluído,4,5
PED-00191,2025-11-01,2025,11,Sul,Florianópolis,Aplicativo,Bruno,Pessoa Física,Notebook Lite 15,Eletrônicos,10,2850.00,10,22.51,28500.00,3850.88,18281.70,-14430.82,-374.74,Boleto,Devolvido,10,
PED-00295,2025-11-02,2025,11,Norte,Manaus,Marketplace,Carla,Pessoa Física,Smartphone Y,Telefonia,1,2150.00,10,51.03,2150.00,1986.03,1597.86,388.17,19.55,Boleto,Concluído,5,3
PED-00555,2025-11-02,2025,11,Sudeste,Rio de Janeiro,Marketplace,Felipe,Pessoa Física,Tablet 10,Telefonia,6,1850.00,15,4.93,11100.00,9439.93,7921.73,1518.20,16.08,Transferência,Concluído,10,4
PED-01485,2025-11-02,2025,11,Sudeste,São Paulo,Site,Daniel,Pessoa Física,Teclado Mecânico,Acessórios,1,350.00,5,59.08,350.00,391.58,230.68,160.90,41.09,Transferência,Concluído,4,4
PED-00133,2025-11-03,2025,11,Centro-Oeste,Cuiabá,Site,Bruno,Corporativo,Memória RAM 16 GB,Componentes,2,390.00,15,68.91,780.00,109.79,437.00,-327.21,-298.03,Cartão de Crédito,Devolvido,11,
PED-01250,2025-11-03,2025,11,Sudeste,São Paulo,Aplicativo,Henrique,Pequena Empresa,Tablet 10,Telefonia,2,1850.00,15,56.99,3700.00,3201.99,2659.95,542.04,16.93,PIX,Concluído,9,5
PED-01431,2025-11-03,2025,11,Nordeste,Recife,Loja Física,Ana,Corporativo,Smartphone Y,Telefonia,4,2150.00,0,37.12,8600.00,8637.12,6332.99,2304.13,26.68,Transferência,Concluído,12,5
PED-00973,2025-11-04,2025,11,Sudeste,Rio de Janeiro,Site,Carla,Pequena Empresa,Impressora Wi-Fi,Escritório,6,760.00,5,89.60,4560.00,4421.60,3121.36,1300.24,29.41,PIX,Concluído,12,3
PED-01237,2025-11-04,2025,11,Centro-Oeste,Goiânia,Site,Daniel,Pessoa Física,Headset USB,Acessórios,2,260.00,0,50.51,520.00,0.00,17.68,-17.68,0.00,Boleto,Cancelado,11,
PED-00043,2025-11-05,2025,11,Nordeste,Salvador,Site,Gabriela,Pequena Empresa,Monitor 27,Eletrônicos,1,1450.00,10,1.20,1450.00,1306.20,1020.42,285.78,21.88,Boleto,Concluído,8,3
PED-00294,2025-11-05,2025,11,Sudeste,Campinas,Marketplace,Ana,Pessoa Física,Monitor 24,Eletrônicos,2,920.00,0,37.14,1840.00,0.00,13.00,-13.00,0.00,PIX,Cancelado,5,
PED-01266,2025-11-05,2025,11,Sudeste,Belo Horizonte,Site,Eduarda,Corporativo,Teclado Mecânico,Acessórios,10,350.00,10,26.03,3500.00,476.40,1792.74,-1316.34,-276.31,Transferência,Devolvido,9,
PED-00021,2025-11-06,2025,11,Nordeste,Fortaleza,Aplicativo,Bruno,Corporativo,Notebook Pro 14,Eletrônicos,1,4200.00,0,10.17,4200.00,0.00,3.56,-3.56,0.00,Boleto,Cancelado,3,
PED-00821,2025-11-06,2025,11,Sul,Curitiba,Site,Henrique,Pessoa Física,Cadeira Ergonômica,Móveis,2,1350.00,0,38.60,2700.00,2738.60,1773.51,965.09,35.24,PIX,Concluído,8,4
PED-01344,2025-11-06,2025,11,Sudeste,Rio de Janeiro,Site,Carla,Pessoa Física,Tablet 10,Telefonia,2,1850.00,15,8.40,3700.00,3153.40,2642.94,510.46,16.19,Transferência,Concluído,5,3
PED-00429,2025-11-07,2025,11,Sudeste,São Paulo,Site,Felipe,Pessoa Física,Tablet 10,Telefonia,2,1850.00,10,61.54,3700.00,3391.54,2661.54,730.00,21.52,Transferência,Concluído,9,2
PED-00408,2025-11-08,2025,11,Nordeste,Fortaleza,Aplicativo,Ana,Pequena Empresa,Impressora Wi-Fi,Escritório,2,760.00,15,80.99,1520.00,1372.99,1058.35,314.64,22.92,Cartão de Crédito,Concluído,6,5
PED-00638,2025-11-08,2025,11,Nordeste,Recife,Marketplace,Henrique,Pessoa Física,SSD 1 TB,Componentes,1,510.00,0,71.10,510.00,87.17,314.40,-227.23,-260.67,Cartão de Crédito,Devolvido,11,
PED-01389,2025-11-08,2025,11,Norte,Belém,Loja Física,Daniel,Pessoa Física,Tablet 10,Telefonia,4,1850.00,0,70.04,7400.00,7470.04,5304.51,2165.53,28.99,Cartão de Crédito,Concluído,2,3
PED-00654,2025-11-09,2025,11,Nordeste,Salvador,Loja Física,Bruno,Pequena Empresa,Impressora Wi-Fi,Escritório,6,760.00,0,5.45,4560.00,684.82,2628.12,-1943.30,-283.77,Transferência,Devolvido,5,
PED-00047,2025-11-10,2025,11,Sul,Florianópolis,Marketplace,Felipe,Pessoa Física,Smartphone Y,Telefonia,2,2150.00,5,21.90,4300.00,616.03,2692.51,-2076.48,-337.07,Boleto,Devolvido,4,
PED-00115,2025-11-10,2025,11,Sul,Londrina,Site,Henrique,Pessoa Física,SSD 1 TB,Componentes,1,510.00,15,33.49,510.00,466.99,356.72,110.27,23.61,Cartão de Crédito,Concluído,5,5
PED-00913,2025-11-10,2025,11,Nordeste,Fortaleza,Marketplace,Ana,Pequena Empresa,Tablet 10,Telefonia,1,1850.00,15,3.25,1850.00,1575.75,1321.14,254.61,16.16,Transferência,Concluído,7,2
PED-00976,2025-11-11,2025,11,Sudeste,Belo Horizonte,Marketplace,Henrique,Pessoa Física,Monitor 24,Eletrônicos,3,920.00,0,9.64,2760.00,0.00,3.37,-3.37,0.00,PIX,Cancelado,3,
PED-01324,2025-11-11,2025,11,Centro-Oeste,Brasília,Site,Henrique,Pessoa Física,Smartphone Y,Telefonia,4,2150.00,15,31.75,8600.00,7341.75,6331.11,1010.64,13.77,Boleto,Concluído,4,3
PED-01435,2025-11-11,2025,11,Sudeste,Belo Horizonte,Loja Física,Eduarda,Pessoa Física,Memória RAM 16 GB,Componentes,1,390.00,5,76.26,390.00,0.00,26.69,-26.69,0.00,Cartão de Crédito,Cancelado,5,
PED-00374,2025-11-13,2025,11,Sul,Porto Alegre,Loja Física,Carla,Pessoa Física,Teclado Mecânico,Acessórios,2,350.00,20,11.25,700.00,571.25,423.94,147.31,25.79,Boleto,Concluído,3,5
PED-00100,2025-11-14,2025,11,Nordeste,Fortaleza,Loja Física,Bruno,Pequena Empresa,Tablet 10,Telefonia,2,1850.00,5,34.45,3700.00,3549.45,2652.06,897.39,25.28,Transferência,Concluído,4,4
PED-00207,2025-11-14,2025,11,Nordeste,Recife,Site,Bruno,Corporativo,Impressora Wi-Fi,Escritório,1,760.00,10,5.23,760.00,103.38,439.31,-335.93,-324.95,PIX,Devolvido,12,
PED-00823,2025-11-15,2025,11,Sudeste,São Paulo,Site,Carla,Pessoa Física,Smartphone X,Telefonia,6,3200.00,10,7.97,19200.00,17287.97,14702.79,2585.18,14.95,PIX,Concluído,10,5
PED-00915,2025-11-15,2025,11,Sul,Florianópolis,Site,Felipe,Corporativo,Memória RAM 16 GB,Componentes,3,390.00,0,46.82,1170.00,0.00,16.39,-16.39,0.00,PIX,Cancelado,4,
PED-00012,2025-11-16,2025,11,Norte,Porto Velho,Marketplace,Henrique,Pessoa Física,Tablet 10,Telefonia,1,1850.00,5,55.89,1850.00,1813.39,1339.56,473.83,26.13,Cartão de Crédito,Concluído,10,3
PED-00486,2025-11-16,2025,11,Centro-Oeste,Brasília,Aplicativo,Bruno,Pessoa Física,Monitor 24,Eletrônicos,1,920.00,5,43.79,920.00,917.79,655.33,262.46,28.60,Transferência,Concluído,10,4
PED-00739,2025-11-16,2025,11,Nordeste,Salvador,Aplicativo,Daniel,Média Empresa,SSD 1 TB,Componentes,2,510.00,5,58.95,1020.00,1027.95,710.63,317.32,30.87,Boleto,Concluído,7,3
PED-00126,2025-11-17,2025,11,Nordeste,Fortaleza,Aplicativo,Carla,Pequena Empresa,Smartphone X,Telefonia,2,3200.00,0,22.97,6400.00,6422.97,4908.04,1514.93,23.59,PIX,Concluído,5,4
PED-01411,2025-11-17,2025,11,Nordeste,Natal,Marketplace,Carla,Pessoa Física,Headset USB,Acessórios,3,260.00,0,90.02,780.00,0.00,31.51,-31.51,0.00,Boleto,Cancelado,12,
PED-01455,2025-11-17,2025,11,Sudeste,Belo Horizonte,Marketplace,Daniel,Corporativo,Mouse Sem Fio,Acessórios,3,145.00,5,76.55,435.00,0.00,26.79,-26.79,0.00,Cartão de Crédito,Cancelado,1,
PED-00058,2025-11-19,2025,11,Sudeste,Campinas,Aplicativo,Ana,Pequena Empresa,Cadeira Ergonômica,Móveis,2,1350.00,5,17.82,2700.00,2582.82,1766.24,816.58,31.62,Transferência,Concluído,10,5
PED-00395,2025-11-19,2025,11,Sudeste,São Paulo,Marketplace,Daniel,Pessoa Física,Notebook Lite 15,Eletrônicos,4,2850.00,5,49.88,11400.00,10879.88,8617.46,2262.42,20.79,Cartão de Crédito,Concluído,2,4
PED-00946,2025-11-19,2025,11,Norte,Manaus,Loja Física,Felipe,Pequena Empresa,Notebook Pro 14,Eletrônicos,4,4200.00,0,6.04,16800.00,16806.04,12602.11,4203.93,25.01,PIX,Concluído,12,3
PED-01242,2025-11-19,2025,11,Nordeste,Salvador,Site,Carla,Pessoa Física,Webcam Full HD,Acessórios,3,310.00,5,76.74,930.00,960.24,596.86,363.38,37.84,Transferência,Concluído,11,5
PED-01305,2025-11-19,2025,11,Sul,Curitiba,Loja Física,Daniel,Corporativo,Mouse Sem Fio,Acessórios,5,145.00,5,77.98,725.00,766.73,437.29,329.44,42.97,Transferência,Concluído,4,2
PED-00020,2025-11-20,2025,11,Sudeste,São Paulo,Site,Daniel,Pessoa Física,Monitor 24,Eletrônicos,1,920.00,5,6.54,920.00,880.54,642.29,238.25,27.06,Transferência,Concluído,6,4
PED-00095,2025-11-20,2025,11,Sul,Londrina,Marketplace,Eduarda,Pequena Empresa,Teclado Mecânico,Acessórios,2,350.00,5,7.05,700.00,672.05,422.47,249.58,37.14,Boleto,Concluído,8,2
PED-00370,2025-11-20,2025,11,Centro-Oeste,Brasília,Site,Henrique,Pessoa Física,Memória RAM 16 GB,Componentes,3,390.00,0,87.62,1170.00,1257.62,765.67,491.95,39.12,PIX,Concluído,6,4
PED-00138,2025-11-21,2025,11,Sudeste,Belo Horizonte,Site,Gabriela,Média Empresa,Memória RAM 16 GB,Componentes,2,390.00,5,73.44,780.00,814.44,515.70,298.74,36.68,Cartão de Crédito,Concluído,5,2
PED-00909,2025-11-21,2025,11,Sudeste,São Paulo,Loja Física,Felipe,Pessoa Física,Impressora Wi-Fi,Escritório,2,760.00,20,1.53,1520.00,1217.53,1030.54,186.99,15.36,Cartão de Crédito,Concluído,7,4
PED-00993,2025-11-21,2025,11,Norte,Belém,Marketplace,Ana,Pessoa Física,Tablet 10,Telefonia,4,1850.00,15,14.35,7400.00,6304.35,5285.02,1019.33,16.17,Transferência,Concluído,4,2
PED-00231,2025-11-22,2025,11,Nordeste,Salvador,Aplicativo,Carla,Pessoa Física,Webcam Full HD,Acessórios,1,310.00,5,30.35,310.00,48.73,170.53,-121.80,-249.95,Boleto,Devolvido,2,
PED-00298,2025-11-22,2025,11,Sul,Florianópolis,Loja Física,Carla,Pessoa Física,Memória RAM 16 GB,Componentes,2,390.00,5,40.69,780.00,781.69,504.24,277.45,35.49,PIX,Concluído,6,3
PED-00581,2025-11-22,2025,11,Norte,Belém,Aplicativo,Daniel,Média Empresa,Impressora Wi-Fi,Escritório,1,760.00,0,23.48,760.00,117.52,444.74,-327.22,-278.44,PIX,Devolvido,5,
PED-01499,2025-11-23,2025,11,Sul,Porto Alegre,Loja Física,Ana,Pessoa Física,Cadeira Ergonômica,Móveis,10,1350.00,0,69.05,13500.00,2035.36,7500.54,-5465.18,-268.51,PIX,Devolvido,12,
PED-00242,2025-11-24,2025,11,Sudeste,Campinas,Marketplace,Eduarda,Pessoa Física,Monitor 24,Eletrônicos,6,920.00,0,66.54,5520.00,0.00,23.29,-23.29,0.00,Transferência,Cancelado,9,
PED-00635,2025-11-24,2025,11,Sul,Curitiba,Site,Henrique,Pequena Empresa,Mesa Home Office,Móveis,1,980.00,0,91.82,980.00,1071.82,652.14,419.68,39.16,PIX,Concluído,6,3
PED-01214,2025-11-24,2025,11,Sudeste,São Paulo,Marketplace,Henrique,Pequena Empresa,Mesa Home Office,Móveis,5,980.00,0,76.78,4900.00,4976.78,3126.87,1849.91,37.17,Boleto,Concluído,4,5
PED-01317,2025-11-24,2025,11,Sudeste,Rio de Janeiro,Aplicativo,Felipe,Corporativo,Monitor 27,Eletrônicos,3,1450.00,10,24.66,4350.00,590.95,2608.34,-2017.39,-341.38,Boleto,Devolvido,10,
PED-00351,2025-11-25,2025,11,Nordeste,Natal,Site,Henrique,Pequena Empresa,Monitor 24,Eletrônicos,1,920.00,0,38.93,920.00,958.93,653.63,305.30,31.84,Cartão de Crédito,Concluído,2,2
PED-00553,2025-11-25,2025,11,Sul,Londrina,Aplicativo,Ana,Pessoa Física,Tablet 10,Telefonia,1,1850.00,0,50.15,1850.00,1900.15,1337.55,562.60,29.61,Cartão de Crédito,Concluído,5,2
PED-00980,2025-11-25,2025,11,Nordeste,Salvador,Site,Henrique,Pessoa Física,Mesa Home Office,Móveis,5,980.00,5,16.06,4900.00,4671.06,3105.62,1565.44,33.51,Cartão de Crédito,Concluído,4,4
PED-01021,2025-11-25,2025,11,Sudeste,Campinas,Site,Felipe,Pequena Empresa,Smartphone Y,Telefonia,1,2150.00,10,84.50,2150.00,302.93,1368.14,-1065.21,-351.64,Transferência,Devolvido,9,
PED-01283,2025-11-25,2025,11,Nordeste,Salvador,Site,Henrique,Corporativo,Webcam Full HD,Acessórios,2,310.00,0,51.19,620.00,671.19,397.92,273.27,40.71,Transferência,Concluído,10,4
PED-01402,2025-11-25,2025,11,Sudeste,Rio de Janeiro,Aplicativo,Ana,Pessoa Física,Cadeira Ergonômica,Móveis,3,1350.00,0,82.88,4050.00,4132.88,2669.01,1463.87,35.42,Transferência,Concluído,3,5
PED-00583,2025-11-26,2025,11,Sul,Londrina,Loja Física,Henrique,Pessoa Física,Smartphone Y,Telefonia,2,2150.00,10,75.11,4300.00,591.77,2708.35,-2116.58,-357.67,PIX,Devolvido,1,
PED-00668,2025-11-26,2025,11,Sudeste,Belo Horizonte,Aplicativo,Bruno,Pessoa Física,Headset USB,Acessórios,1,260.00,5,31.76,260.00,278.76,166.12,112.64,40.41,PIX,Concluído,2,5
PED-01100,2025-11-26,2025,11,Sudeste,São Paulo,Site,Daniel,Pessoa Física,Smartphone Y,Telefonia,2,2150.00,20,88.72,4300.00,529.31,2712.39,-2183.08,-412.44,Transferência,Devolvido,6,
PED-01170,2025-11-26,2025,11,Sul,Porto Alegre,Aplicativo,Daniel,Média Empresa,Notebook Lite 15,Eletrônicos,6,2850.00,10,59.56,17100.00,15449.56,12920.85,2528.71,16.37,Boleto,Concluído,12,4
PED-00345,2025-11-27,2025,11,Nordeste,Salvador,Loja Física,Bruno,Pessoa Física,Mouse Sem Fio,Acessórios,3,145.00,0,84.31,435.00,77.90,234.18,-156.28,-200.62,Cartão de Crédito,Devolvido,4,
PED-00720,2025-11-27,2025,11,Sudeste,São Paulo,Marketplace,Carla,Pessoa Física,Headset USB,Acessórios,3,260.00,15,7.48,780.00,670.48,467.62,202.86,30.26,PIX,Concluído,1,5
PED-00756,2025-11-27,2025,11,Nordeste,Recife,Site,Gabriela,Pessoa Física,Teclado Mecânico,Acessórios,1,350.00,0,53.83,350.00,60.57,194.51,-133.94,-221.13,PIX,Devolvido,8,
PED-00847,2025-11-27,2025,11,Nordeste,Salvador,Site,Henrique,Pessoa Física,Monitor 27,Eletrônicos,3,1450.00,0,86.75,4350.00,4436.75,3090.36,1346.39,30.35,PIX,Concluído,3,4
PED-00937,2025-11-27,2025,11,Sudeste,Belo Horizonte,Aplicativo,Eduarda,Pequena Empresa,Notebook Pro 14,Eletrônicos,2,4200.00,5,66.09,8400.00,8046.09,6323.13,1722.96,21.41,Transferência,Concluído,2,2
PED-00833,2025-11-28,2025,11,Centro-Oeste,Brasília,Site,Henrique,Pessoa Física,Monitor 24,Eletrônicos,2,920.00,5,72.20,1840.00,1820.20,1305.27,514.93,28.29,Transferência,Concluído,9,4
PED-00911,2025-11-28,2025,11,Sudeste,Rio de Janeiro,Site,Ana,Pessoa Física,Notebook Lite 15,Eletrônicos,1,2850.00,10,72.42,2850.00,2637.42,2175.35,462.07,17.52,Boleto,Concluído,10,5
PED-00939,2025-11-28,2025,11,Sul,Curitiba,Site,Carla,Pequena Empresa,Webcam Full HD,Acessórios,1,310.00,5,79.16,310.00,373.66,217.71,155.95,41.74,Transferência,Concluído,4,5
PED-01045,2025-11-28,2025,11,Sul,Florianópolis,Aplicativo,Daniel,Média Empresa,Webcam Full HD,Acessórios,2,310.00,5,25.07,620.00,614.07,388.77,225.30,36.69,PIX,Concluído,11,5
PED-01205,2025-11-28,2025,11,Sul,Porto Alegre,Loja Física,Gabriela,Pessoa Física,Smartphone X,Telefonia,1,3200.00,0,28.81,3200.00,0.00,10.08,-10.08,0.00,Transferência,Cancelado,9,
PED-00403,2025-11-29,2025,11,Sul,Curitiba,Marketplace,Felipe,Pessoa Física,SSD 1 TB,Componentes,4,510.00,0,33.12,2040.00,0.00,11.59,-11.59,0.00,Cartão de Crédito,Cancelado,3,
PED-00676,2025-11-29,2025,11,Norte,Porto Velho,Loja Física,Gabriela,Média Empresa,Monitor 24,Eletrônicos,1,920.00,20,59.47,920.00,795.47,660.81,134.66,16.93,Boleto,Concluído,6,3
PED-00406,2025-11-30,2025,11,Centro-Oeste,Goiânia,Site,Gabriela,Pessoa Física,Monitor 27,Eletrônicos,1,1450.00,15,73.28,1450.00,1305.78,1045.65,260.13,19.92,Cartão de Crédito,Concluído,6,4
PED-01433,2025-11-30,2025,11,Sul,Londrina,Marketplace,Ana,Pequena Empresa,Webcam Full HD,Acessórios,3,310.00,15,55.04,930.00,0.00,19.26,-19.26,0.00,Transferência,Cancelado,1,
PED-00030,2025-12-01,2025,12,Nordeste,Recife,Site,Gabriela,Pequena Empresa,Tablet 10,Telefonia,5,1850.00,10,28.59,9250.00,0.00,10.01,-10.01,0.00,Boleto,Cancelado,1,
PED-00594,2025-12-01,2025,12,Sudeste,São Paulo,Site,Gabriela,Pessoa Física,Impressora Wi-Fi,Escritório,1,760.00,20,82.24,760.00,690.24,543.78,146.46,21.22,Transferência,Concluído,4,4
PED-00630,2025-12-01,2025,12,Nordeste,Recife,Loja Física,Henrique,Corporativo,Tablet 10,Telefonia,3,1850.00,10,87.66,5550.00,762.40,3392.08,-2629.68,-344.92,Transferência,Devolvido,12,
PED-01075,2025-12-01,2025,12,Nordeste,Fortaleza,Loja Física,Daniel,Pessoa Física,Teclado Mecânico,Acessórios,1,350.00,5,31.17,350.00,0.00,10.91,-10.91,0.00,Transferência,Cancelado,5,
PED-01213,2025-12-01,2025,12,Nordeste,Recife,Marketplace,Carla,Pessoa Física,Monitor 24,Eletrônicos,1,920.00,10,66.73,920.00,894.73,663.36,231.37,25.86,PIX,Concluído,10,5
PED-00219,2025-12-02,2025,12,Sudeste,Rio de Janeiro,Aplicativo,Gabriela,Pessoa Física,Teclado Mecânico,Acessórios,3,350.00,0,94.11,1050.00,1144.11,662.94,481.17,42.06,PIX,Concluído,7,5
PED-00445,2025-12-02,2025,12,Sul,Porto Alegre,Aplicativo,Ana,Pessoa Física,Impressora Wi-Fi,Escritório,1,760.00,20,69.68,760.00,0.00,24.39,-24.39,0.00,Transferência,Cancelado,1,
PED-01014,2025-12-02,2025,12,Norte,Belém,Aplicativo,Henrique,Pessoa Física,SSD 1 TB,Componentes,1,510.00,20,81.45,510.00,489.45,373.51,115.94,23.69,Cartão de Crédito,Concluído,2,5
PED-01263,2025-12-02,2025,12,Sul,Florianópolis,Loja Física,Ana,Pessoa Física,Smartphone X,Telefonia,3,3200.00,10,64.55,9600.00,8704.55,7372.59,1331.96,15.30,Boleto,Concluído,11,5
PED-01307,2025-12-02,2025,12,Sudeste,Rio de Janeiro,Loja Física,Henrique,Pessoa Física,Mesa Home Office,Móveis,2,980.00,0,81.46,1960.00,2041.46,1268.51,772.95,37.86,Boleto,Concluído,3,4
PED-00730,2025-12-03,2025,12,Sul,Florianópolis,Aplicativo,Bruno,Pessoa Física,Headset USB,Acessórios,3,260.00,5,9.78,780.00,750.78,468.42,282.36,37.61,Cartão de Crédito,Concluído,12,5
PED-00917,2025-12-03,2025,12,Nordeste,Fortaleza,Loja Física,Carla,Pessoa Física,SSD 1 TB,Componentes,2,510.00,0,69.96,1020.00,1089.96,714.49,375.47,34.45,Transferência,Concluído,12,5
PED-00516,2025-12-04,2025,12,Nordeste,Natal,Site,Carla,Pessoa Física,Notebook Lite 15,Eletrônicos,1,2850.00,10,30.70,2850.00,2595.70,2160.74,434.96,16.76,Transferência,Concluído,12,2
PED-00880,2025-12-04,2025,12,Sul,Londrina,Loja Física,Eduarda,Pessoa Física,Monitor 24,Eletrônicos,3,920.00,5,42.79,2760.00,2664.79,1934.98,729.81,27.39,Cartão de Crédito,Concluído,10,3
PED-00184,2025-12-05,2025,12,Norte,Belém,Loja Física,Carla,Pessoa Física,Impressora Wi-Fi,Escritório,3,760.00,5,70.05,2280.00,2236.05,1569.52,666.53,29.81,Transferência,Concluído,8,4
PED-00832,2025-12-05,2025,12,Norte,Palmas,Site,Ana,Pequena Empresa,Cadeira Ergonômica,Móveis,10,1350.00,0,76.32,13500.00,13576.32,8826.71,4749.61,34.98,Cartão de Crédito,Concluído,3,3
PED-01397,2025-12-05,2025,12,Sul,Curitiba,Site,Ana,Pessoa Física,Tablet 10,Telefonia,1,1850.00,0,44.50,1850.00,1894.50,1335.58,558.92,29.50,Transferência,Concluído,12,5
PED-00256,2025-12-06,2025,12,Sudeste,Belo Horizonte,Marketplace,Bruno,Pessoa Física,Smartphone Y,Telefonia,5,2150.00,10,89.71,10750.00,9764.71,7931.40,1833.31,18.77,Cartão de Crédito,Concluído,8,5
PED-00576,2025-12-06,2025,12,Sul,Londrina,Site,Bruno,Pessoa Física,Smartphone X,Telefonia,4,3200.00,0,20.84,12800.00,12820.84,9807.29,3013.55,23.51,PIX,Concluído,11,3
PED-00669,2025-12-06,2025,12,Nordeste,Fortaleza,Loja Física,Felipe,Pessoa Física,Smartphone Y,Telefonia,1,2150.00,10,8.29,2150.00,1943.29,1582.90,360.39,18.55,Cartão de Crédito,Concluído,3,5
PED-00751,2025-12-06,2025,12,Sul,Florianópolis,Site,Ana,Pessoa Física,Tablet 10,Telefonia,3,1850.00,15,11.68,5550.00,4729.18,3964.09,765.09,16.18,Boleto,Concluído,10,5
PED-00111,2025-12-07,2025,12,Sudeste,Belo Horizonte,Loja Física,Carla,Média Empresa,Teclado Mecânico,Acessórios,3,350.00,20,45.46,1050.00,885.46,645.91,239.55,27.05,Transferência,Concluído,3,2
PED-00982,2025-12-07,2025,12,Sudeste,São Paulo,Loja Física,Ana,Pessoa Física,Notebook Lite 15,Eletrônicos,1,2850.00,5,36.90,2850.00,411.66,1838.47,-1426.81,-346.60,Boleto,Devolvido,11,
PED-01332,2025-12-07,2025,12,Nordeste,Fortaleza,Marketplace,Henrique,Pequena Empresa,Monitor 24,Eletrônicos,2,920.00,10,8.95,1840.00,0.00,3.13,-3.13,0.00,Cartão de Crédito,Cancelado,9,
PED-00615,2025-12-08,2025,12,Nordeste,Recife,Site,Daniel,Pessoa Física,Teclado Mecânico,Acessórios,5,350.00,10,35.55,1750.00,1610.55,1062.44,548.11,34.03,Boleto,Concluído,7,5
PED-00440,2025-12-09,2025,12,Sudeste,São Paulo,Aplicativo,Carla,Pessoa Física,SSD 1 TB,Componentes,1,510.00,5,6.73,510.00,491.23,347.36,143.87,29.29,Boleto,Concluído,12,4
PED-00746,2025-12-09,2025,12,Sudeste,Belo Horizonte,Aplicativo,Carla,Pequena Empresa,Notebook Pro 14,Eletrônicos,5,4200.00,10,92.11,21000.00,0.00,32.24,-32.24,0.00,Transferência,Cancelado,1,
PED-00776,2025-12-09,2025,12,Sudeste,Belo Horizonte,Aplicativo,Ana,Pessoa Física,Notebook Lite 15,Eletrônicos,1,2850.00,20,85.91,2850.00,354.89,1853.06,-1498.17,-422.15,Boleto,Devolvido,1,
PED-00143,2025-12-10,2025,12,Sul,Londrina,Aplicativo,Carla,Média Empresa,Mesa Home Office,Móveis,2,980.00,0,10.70,1960.00,1970.70,1243.74,726.96,36.89,Boleto,Concluído,12,4
PED-00488,2025-12-11,2025,12,Sul,Florianópolis,Site,Eduarda,Pessoa Física,Memória RAM 16 GB,Componentes,2,390.00,5,80.50,780.00,821.50,518.17,303.33,36.92,Boleto,Concluído,9,3
PED-00802,2025-12-11,2025,12,Sul,Curitiba,Aplicativo,Ana,Pessoa Física,Smartphone X,Telefonia,6,3200.00,20,86.51,19200.00,2316.98,12520.74,-10203.76,-440.39,Transferência,Devolvido,8,
PED-00333,2025-12-12,2025,12,Nordeste,Natal,Loja Física,Bruno,Pessoa Física,Impressora Wi-Fi,Escritório,1,760.00,5,62.04,760.00,117.61,456.20,-338.59,-287.89,Transferência,Devolvido,5,
PED-00733,2025-12-12,2025,12,Sudeste,São Paulo,Loja Física,Gabriela,Pequena Empresa,Notebook Pro 14,Eletrônicos,1,4200.00,10,38.03,4200.00,0.00,13.31,-13.31,0.00,Transferência,Cancelado,6,
PED-00863,2025-12-12,2025,12,Sul,Curitiba,Site,Eduarda,Pequena Empresa,Mesa Home Office,Móveis,3,980.00,0,86.67,2940.00,3026.67,1890.33,1136.34,37.54,Boleto,Concluído,4,4
PED-01226,2025-12-12,2025,12,Sul,Florianópolis,Aplicativo,Carla,Pequena Empresa,Notebook Pro 14,Eletrônicos,2,4200.00,0,78.21,8400.00,8478.21,6327.37,2150.84,25.37,Boleto,Concluído,12,5
PED-00459,2025-12-13,2025,12,Nordeste,Salvador,Site,Bruno,Pessoa Física,Monitor 27,Eletrônicos,2,1450.00,15,42.37,2900.00,2507.37,2054.83,452.54,18.05,PIX,Concluído,6,2
PED-00510,2025-12-14,2025,12,Sudeste,Belo Horizonte,Loja Física,Gabriela,Pessoa Física,SSD 1 TB,Componentes,1,510.00,0,12.15,510.00,522.15,349.25,172.90,33.11,Transferência,Concluído,12,4
PED-00009,2025-12-15,2025,12,Sudeste,Rio de Janeiro,Marketplace,Eduarda,Corporativo,Monitor 27,Eletrônicos,4,1450.00,5,10.11,5800.00,828.02,3471.01,-2642.99,-319.19,PIX,Devolvido,5,
PED-00228,2025-12-15,2025,12,Centro-Oeste,Cuiabá,Site,Carla,Pequena Empresa,Mouse Sem Fio,Acessórios,6,145.00,10,80.42,870.00,863.42,520.15,343.27,39.76,Transferência,Concluído,2,4
PED-00772,2025-12-15,2025,12,Nordeste,Natal,Site,Daniel,Pessoa Física,Mouse Sem Fio,Acessórios,2,145.00,5,58.76,290.00,0.00,20.57,-20.57,0.00,Cartão de Crédito,Cancelado,3,
PED-01112,2025-12-16,2025,12,Sul,Porto Alegre,Loja Física,Bruno,Média Empresa,Headset USB,Acessórios,1,260.00,5,62.65,260.00,46.45,150.39,-103.94,-223.77,Transferência,Devolvido,5,
PED-01118,2025-12-16,2025,12,Sul,Porto Alegre,Site,Eduarda,Pequena Empresa,Notebook Pro 14,Eletrônicos,2,4200.00,10,25.83,8400.00,7585.83,6309.04,1276.79,16.83,Boleto,Concluído,11,4
PED-01357,2025-12-16,2025,12,Sudeste,Campinas,Marketplace,Carla,Pessoa Física,Teclado Mecânico,Acessórios,2,350.00,5,17.89,700.00,682.89,426.26,256.63,37.58,Cartão de Crédito,Concluído,1,3
PED-00560,2025-12-17,2025,12,Norte,Palmas,Site,Felipe,Pessoa Física,Cadeira Ergonômica,Móveis,2,1350.00,10,1.51,2700.00,364.73,1496.45,-1131.72,-310.29,Cartão de Crédito,Devolvido,3,
PED-00892,2025-12-17,2025,12,Sudeste,São Paulo,Loja Física,Daniel,Pessoa Física,Mouse Sem Fio,Acessórios,1,145.00,10,44.83,145.00,26.30,83.04,-56.74,-215.74,PIX,Devolvido,5,
PED-01023,2025-12-18,2025,12,Sul,Porto Alegre,Aplicativo,Carla,Corporativo,Teclado Mecânico,Acessórios,4,350.00,15,37.65,1400.00,1227.65,853.18,374.47,30.50,Cartão de Crédito,Concluído,2,5
PED-01028,2025-12-18,2025,12,Sudeste,Belo Horizonte,Marketplace,Henrique,Pequena Empresa,Tablet 10,Telefonia,2,1850.00,10,92.82,3700.00,3422.82,2672.49,750.33,21.92,Boleto,Concluído,6,4
PED-00339,2025-12-19,2025,12,Sul,Curitiba,Loja Física,Henrique,Corporativo,Mesa Home Office,Móveis,2,980.00,0,40.89,1960.00,2000.89,1254.31,746.58,37.31,Cartão de Crédito,Concluído,10,3
PED-00540,2025-12-19,2025,12,Centro-Oeste,Goiânia,Loja Física,Henrique,Pequena Empresa,Notebook Pro 14,Eletrônicos,5,4200.00,10,58.73,21000.00,18958.73,15770.56,3188.17,16.82,Transferência,Concluído,12,4
PED-00990,2025-12-19,2025,12,Sul,Londrina,Site,Henrique,Pessoa Física,Notebook Lite 15,Eletrônicos,3,2850.00,0,55.87,8550.00,8605.87,6469.55,2136.32,24.82,Cartão de Crédito,Concluído,12,5
PED-01109,2025-12-19,2025,12,Sudeste,Campinas,Aplicativo,Eduarda,Pessoa Física,Teclado Mecânico,Acessórios,3,350.00,15,67.16,1050.00,959.66,653.51,306.15,31.90,Cartão de Crédito,Concluído,11,5
PED-00281,2025-12-20,2025,12,Norte,Belém,Marketplace,Felipe,Pequena Empresa,Teclado Mecânico,Acessórios,4,350.00,10,55.37,1400.00,197.31,730.47,-533.16,-270.21,Transferência,Devolvido,12,
PED-00969,2025-12-20,2025,12,Sul,Porto Alegre,Marketplace,Felipe,Pessoa Física,SSD 1 TB,Componentes,1,510.00,10,91.49,510.00,550.49,377.02,173.47,31.51,Boleto,Concluído,5,5
PED-01494,2025-12-20,2025,12,Sul,Florianópolis,Site,Ana,Pessoa Física,Smartphone Y,Telefonia,1,2150.00,10,30.37,2150.00,0.00,10.63,-10.63,0.00,Cartão de Crédito,Cancelado,10,
PED-00139,2025-12-21,2025,12,Nordeste,Natal,Site,Eduarda,Corporativo,SSD 1 TB,Componentes,3,510.00,0,58.49,1530.00,0.00,20.47,-20.47,0.00,PIX,Cancelado,4,
PED-01367,2025-12-21,2025,12,Nordeste,Recife,Site,Felipe,Pessoa Física,Teclado Mecânico,Acessórios,2,350.00,15,58.70,700.00,653.70,440.55,213.15,32.61,Cartão de Crédito,Concluído,4,4
PED-01450,2025-12-21,2025,12,Nordeste,Fortaleza,Site,Bruno,Corporativo,Teclado Mecânico,Acessórios,1,350.00,5,7.98,350.00,340.48,212.79,127.69,37.50,Cartão de Crédito,Concluído,1,4
PED-00814,2025-12-22,2025,12,Nordeste,Natal,Loja Física,Henrique,Pequena Empresa,Tablet 10,Telefonia,3,1850.00,0,25.45,5550.00,5575.45,3968.91,1606.54,28.81,Boleto,Concluído,7,2
PED-00944,2025-12-22,2025,12,Centro-Oeste,Goiânia,Site,Felipe,Pessoa Física,Memória RAM 16 GB,Componentes,3,390.00,10,90.00,1170.00,171.45,651.52,-480.07,-280.01,Transferência,Devolvido,1,
PED-00152,2025-12-23,2025,12,Sudeste,Campinas,Marketplace,Daniel,Média Empresa,Monitor 27,Eletrônicos,4,1450.00,20,43.99,5800.00,702.60,3481.09,-2778.49,-395.46,Transferência,Devolvido,9,
PED-00438,2025-12-23,2025,12,Sudeste,Rio de Janeiro,Site,Bruno,Pequena Empresa,Impressora Wi-Fi,Escritório,5,760.00,20,48.22,3800.00,3088.22,2591.88,496.34,16.07,Boleto,Concluído,11,5
PED-01115,2025-12-23,2025,12,Nordeste,Natal,Site,Eduarda,Média Empresa,Mesa Home Office,Móveis,8,980.00,0,45.63,7840.00,7885.63,4975.97,2909.66,36.90,PIX,Concluído,3,1
PED-01010,2025-12-24,2025,12,Sul,Florianópolis,Marketplace,Carla,Pessoa Física,Monitor 24,Eletrônicos,1,920.00,0,59.63,920.00,0.00,20.87,-20.87,0.00,Boleto,Cancelado,5,
PED-01124,2025-12-24,2025,12,Nordeste,Recife,Site,Bruno,Corporativo,Smartphone Y,Telefonia,2,2150.00,10,18.29,4300.00,3888.29,3166.40,721.89,18.57,PIX,Concluído,4,5
PED-01413,2025-12-24,2025,12,Sudeste,Rio de Janeiro,Site,Felipe,Pessoa Física,Monitor 24,Eletrônicos,6,920.00,0,27.15,5520.00,5547.15,3849.50,1697.65,30.60,Transferência,Concluído,6,5
PED-00544,2025-12-25,2025,12,Sudeste,Rio de Janeiro,Loja Física,Daniel,Pessoa Física,Mesa Home Office,Móveis,2,980.00,0,73.96,1960.00,2033.96,1265.89,768.07,37.76,Transferência,Concluído,2,3
PED-00741,2025-12-27,2025,12,Sudeste,São Paulo,Site,Daniel,Pessoa Física,Cadeira Ergonômica,Móveis,2,1350.00,5,5.05,2700.00,2570.05,1761.77,808.28,31.45,Transferência,Concluído,6,2
PED-00451,2025-12-28,2025,12,Sul,Londrina,Site,Bruno,Pessoa Física,Cadeira Ergonômica,Móveis,2,1350.00,5,78.81,2700.00,2643.81,1787.58,856.23,32.39,Boleto,Concluído,12,4
PED-00817,2025-12-28,2025,12,Nordeste,Recife,Site,Daniel,Corporativo,Monitor 24,Eletrônicos,4,920.00,5,68.19,3680.00,3564.19,2583.87,980.32,27.50,Boleto,Concluído,3,5
PED-00992,2025-12-28,2025,12,Sul,Londrina,Site,Gabriela,Pessoa Física,Impressora Wi-Fi,Escritório,5,760.00,5,13.50,3800.00,3623.50,2579.72,1043.78,28.81,PIX,Concluído,7,5
PED-01381,2025-12-28,2025,12,Nordeste,Natal,Site,Gabriela,Corporativo,Smartphone X,Telefonia,2,3200.00,10,91.47,6400.00,5851.47,4932.01,919.46,15.71,Boleto,Concluído,2,3
PED-00025,2025-12-29,2025,12,Norte,Belém,Aplicativo,Daniel,Média Empresa,Impressora Wi-Fi,Escritório,8,760.00,15,83.73,6080.00,5251.73,4149.31,1102.42,20.99,Boleto,Concluído,3,5
PED-00394,2025-12-29,2025,12,Norte,Porto Velho,Loja Física,Felipe,Corporativo,Monitor 24,Eletrônicos,3,920.00,15,54.24,2760.00,2400.24,1938.98,461.26,19.22,Boleto,Concluído,3,4
PED-01363,2025-12-29,2025,12,Sudeste,Campinas,Marketplace,Felipe,Corporativo,Webcam Full HD,Acessórios,2,310.00,0,4.65,620.00,624.65,381.63,243.02,38.90,Transferência,Concluído,1,4
PED-00522,2025-12-30,2025,12,Sul,Curitiba,Site,Henrique,Pessoa Física,Cadeira Ergonômica,Móveis,1,1350.00,5,7.91,1350.00,193.56,750.35,-556.79,-287.66,Boleto,Devolvido,5,
PED-00710,2025-12-30,2025,12,Centro-Oeste,Goiânia,Site,Carla,Pessoa Física,Tablet 10,Telefonia,10,1850.00,15,70.57,18500.00,2369.34,11241.00,-8871.66,-374.44,Boleto,Devolvido,12,
PED-00765,2025-12-30,2025,12,Sul,Londrina,Site,Carla,Pessoa Física,Teclado Mecânico,Acessórios,5,350.00,5,33.14,1750.00,254.35,902.36,-648.01,-254.77,Transferência,Devolvido,9,
PED-00910,2025-12-30,2025,12,Norte,Manaus,Marketplace,Eduarda,Pessoa Física,Smartphone Y,Telefonia,3,2150.00,10,76.97,6450.00,5881.97,4766.94,1115.03,18.96,Boleto,Concluído,1,5
PED-01143,2025-12-30,2025,12,Nordeste,Salvador,Site,Daniel,Pequena Empresa,Smartphone Y,Telefonia,2,2150.00,5,17.76,4300.00,4102.76,3166.22,936.54,22.83,Cartão de Crédito,Concluído,12,1
PED-01407,2025-12-30,2025,12,Sul,Curitiba,Marketplace,Carla,Pessoa Física,Mouse Sem Fio,Acessórios,5,145.00,20,71.10,725.00,651.10,434.88,216.22,33.21,PIX,Concluído,4,4
PED-01255,2025-12-31,2025,12,Centro-Oeste,Campo Grande,Site,Carla,Pessoa Física,Webcam Full HD,Acessórios,8,310.00,20,73.97,2480.00,2057.97,1545.89,512.08,24.88,PIX,Concluído,9,4
PED-01482,2025-12-31,2025,12,Sul,Curitiba,Site,Eduarda,Pessoa Física,SSD 1 TB,Componentes,1,510.00,10,65.50,510.00,78.67,312.74,-234.07,-297.53,Cartão de Crédito,Devolvido,5,
PED-00861,2026-01-01,2026,01,Sul,Londrina,Site,Bruno,Pessoa Física,Notebook Lite 15,Eletrônicos,1,2850.00,0,46.88,2850.00,2896.88,2166.41,730.47,25.22,PIX,Concluído,6,5
PED-00218,2026-01-02,2026,01,Sul,Londrina,Site,Bruno,Pessoa Física,Headset USB,Acessórios,4,260.00,5,66.95,1040.00,0.00,23.43,-23.43,0.00,PIX,Cancelado,1,
PED-00077,2026-01-03,2026,01,Sudeste,Rio de Janeiro,Aplicativo,Henrique,Pessoa Física,Notebook Lite 15,Eletrônicos,1,2850.00,10,92.25,2850.00,2657.25,2182.29,474.96,17.87,PIX,Concluído,6,3
PED-00934,2026-01-03,2026,01,Sudeste,Rio de Janeiro,Site,Ana,Pessoa Física,Smartphone Y,Telefonia,3,2150.00,10,73.02,6450.00,5878.02,4765.56,1112.46,18.93,Boleto,Concluído,4,4
PED-00750,2026-01-04,2026,01,Nordeste,Recife,Aplicativo,Gabriela,Pequena Empresa,Headset USB,Acessórios,8,260.00,15,64.49,2080.00,1832.49,1262.57,569.92,31.10,Boleto,Concluído,9,3
PED-01022,2026-01-04,2026,01,Sudeste,Belo Horizonte,Aplicativo,Felipe,Corporativo,Impressora Wi-Fi,Escritório,3,760.00,5,51.23,2280.00,332.58,1328.49,-995.91,-299.45,Cartão de Crédito,Devolvido,3,
PED-01259,2026-01-04,2026,01,Nordeste,Natal,Site,Bruno,Pequena Empresa,Cadeira Ergonômica,Móveis,2,1350.00,10,82.94,2700.00,376.94,1520.68,-1143.74,-303.43,Boleto,Devolvido,5,
PED-00525,2026-01-05,2026,01,Centro-Oeste,Brasília,Site,Ana,Pessoa Física,Tablet 10,Telefonia,4,1850.00,10,17.88,7400.00,6677.88,5286.26,1391.62,20.84,PIX,Concluído,4,4
PED-01013,2026-01-05,2026,01,Sudeste,Rio de Janeiro,Marketplace,Eduarda,Pessoa Física,SSD 1 TB,Componentes,1,510.00,0,78.81,510.00,588.81,372.58,216.23,36.72,Transferência,Concluído,4,4
PED-00120,2026-01-06,2026,01,Sudeste,Rio de Janeiro,Loja Física,Daniel,Pequena Empresa,Webcam Full HD,Acessórios,1,310.00,10,35.05,310.00,0.00,12.27,-12.27,0.00,Cartão de Crédito,Cancelado,3,
PED-00639,2026-01-06,2026,01,Nordeste,Recife,Site,Gabriela,Pequena Empresa,Monitor 27,Eletrônicos,1,1450.00,0,33.78,1450.00,1483.78,1031.82,451.96,30.46,Cartão de Crédito,Concluído,3,5
PED-00469,2026-01-07,2026,01,Sul,Florianópolis,Loja Física,Ana,Pessoa Física,Monitor 27,Eletrônicos,1,1450.00,10,39.14,1450.00,1344.14,1033.70,310.44,23.10,PIX,Concluído,2,3
PED-00479,2026-01-08,2026,01,Sudeste,Campinas,Site,Gabriela,Pequena Empresa,Headset USB,Acessórios,1,260.00,10,55.28,260.00,289.28,174.35,114.93,39.73,Boleto,Concluído,11,5
PED-00536,2026-01-08,2026,01,Centro-Oeste,Brasília,Loja Física,Henrique,Corporativo,Smartphone X,Telefonia,4,3200.00,0,79.31,12800.00,12879.31,9827.76,3051.55,23.69,PIX,Concluído,6,4
PED-00329,2026-01-09,2026,01,Sudeste,Rio de Janeiro,Marketplace,Daniel,Média Empresa,Tablet 10,Telefonia,3,1850.00,15,52.76,5550.00,4770.26,3978.47,791.79,16.60,PIX,Concluído,4,3
PED-01195,2026-01-10,2026,01,Norte,Palmas,Marketplace,Gabriela,Corporativo,Notebook Pro 14,Eletrônicos,2,4200.00,0,30.44,8400.00,8430.44,6310.65,2119.79,25.14,Boleto,Concluído,11,4
PED-01198,2026-01-10,2026,01,Centro-Oeste,Campo Grande,Loja Física,Bruno,Pessoa Física,Headset USB,Acessórios,2,260.00,15,4.35,520.00,0.00,1.52,-1.52,0.00,PIX,Cancelado,5,
PED-01348,2026-01-10,2026,01,Sudeste,Belo Horizonte,Aplicativo,Eduarda,Pessoa Física,Memória RAM 16 GB,Componentes,2,390.00,10,87.03,780.00,0.00,30.46,-30.46,0.00,Boleto,Cancelado,11,
PED-00413,2026-01-11,2026,01,Norte,Palmas,Loja Física,Bruno,Pequena Empresa,Notebook Lite 15,Eletrônicos,8,2850.00,0,69.37,22800.00,0.00,24.28,-24.28,0.00,Transferência,Cancelado,5,
PED-00840,2026-01-11,2026,01,Norte,Palmas,Marketplace,Ana,Pessoa Física,Notebook Pro 14,Eletrônicos,4,4200.00,5,69.25,16800.00,16029.25,12624.24,3405.01,21.24,Boleto,Concluído,3,4
PED-00831,2026-01-12,2026,01,Norte,Belém,Site,Carla,Pessoa Física,Tablet 10,Telefonia,1,1850.00,0,53.55,1850.00,1903.55,1338.74,564.81,29.67,Transferência,Concluído,9,4
PED-01151,2026-01-12,2026,01,Sudeste,São Paulo,Site,Bruno,Média Empresa,Smartphone Y,Telefonia,5,2150.00,10,54.63,10750.00,9729.63,7919.12,1810.51,18.61,PIX,Concluído,9,4
PED-00074,2026-01-13,2026,01,Sul,Florianópolis,Site,Daniel,Pessoa Física,Cadeira Ergonômica,Móveis,3,1350.00,20,31.16,4050.00,0.00,10.91,-10.91,0.00,Cartão de Crédito,Cancelado,4,
PED-00195,2026-01-13,2026,01,Norte,Porto Velho,Marketplace,Bruno,Pequena Empresa,SSD 1 TB,Componentes,2,510.00,10,34.03,1020.00,952.03,701.91,250.12,26.27,Transferência,Concluído,9,4
PED-01062,2026-01-13,2026,01,Sudeste,Rio de Janeiro,Site,Ana,Pessoa Física,Mouse Sem Fio,Acessórios,1,145.00,0,77.26,145.00,0.00,27.04,-27.04,0.00,Cartão de Crédito,Cancelado,9,
PED-01207,2026-01-13,2026,01,Sudeste,São Paulo,Marketplace,Carla,Pequena Empresa,Mesa Home Office,Móveis,4,980.00,0,12.70,3920.00,3932.70,2484.45,1448.25,36.83,PIX,Concluído,3,3
PED-01232,2026-01-13,2026,01,Centro-Oeste,Cuiabá,Marketplace,Felipe,Pessoa Física,Impressora Wi-Fi,Escritório,3,760.00,20,35.34,2280.00,1859.34,1557.37,301.97,16.24,Boleto,Concluído,3,5
PED-00580,2026-01-14,2026,01,Nordeste,Natal,Aplicativo,Bruno,Pessoa Física,Smartphone Y,Telefonia,5,2150.00,0,18.02,10750.00,0.00,6.31,-6.31,0.00,Boleto,Cancelado,7,
PED-01247,2026-01-14,2026,01,Centro-Oeste,Brasília,Site,Henrique,Corporativo,SSD 1 TB,Componentes,3,510.00,5,59.47,1530.00,1512.97,1055.81,457.16,30.22,Cartão de Crédito,Concluído,11,4
PED-00312,2026-01-15,2026,01,Nordeste,Natal,Site,Henrique,Pequena Empresa,Notebook Lite 15,Eletrônicos,2,2850.00,10,70.43,5700.00,780.06,3675.95,-2895.89,-371.24,Cartão de Crédito,Devolvido,10,
PED-00713,2026-01-15,2026,01,Sudeste,Belo Horizonte,Marketplace,Bruno,Pequena Empresa,Smartphone Y,Telefonia,3,2150.00,5,38.99,6450.00,6166.49,4753.65,1412.84,22.91,Boleto,Concluído,9,4
PED-01350,2026-01-15,2026,01,Norte,Porto Velho,Marketplace,Gabriela,Corporativo,Memória RAM 16 GB,Componentes,1,390.00,0,26.63,390.00,416.63,254.32,162.31,38.96,Boleto,Concluído,3,4
PED-01440,2026-01-15,2026,01,Sudeste,Rio de Janeiro,Site,Felipe,Pequena Empresa,Notebook Pro 14,Eletrônicos,4,4200.00,5,56.26,16800.00,0.00,19.69,-19.69,0.00,PIX,Cancelado,6,
PED-01460,2026-01-15,2026,01,Sudeste,Belo Horizonte,Loja Física,Henrique,Pessoa Física,SSD 1 TB,Componentes,3,510.00,5,49.39,1530.00,0.00,17.29,-17.29,0.00,Cartão de Crédito,Cancelado,12,
PED-00347,2026-01-16,2026,01,Sudeste,Campinas,Site,Felipe,Corporativo,Monitor 24,Eletrônicos,10,920.00,10,5.68,9200.00,1242.85,5441.69,-4198.84,-337.84,Cartão de Crédito,Devolvido,3,
PED-00357,2026-01-16,2026,01,Nordeste,Natal,Loja Física,Felipe,Pequena Empresa,Impressora Wi-Fi,Escritório,2,760.00,0,72.74,1520.00,238.91,897.14,-658.23,-275.51,Boleto,Devolvido,5,
PED-00691,2026-01-16,2026,01,Nordeste,Salvador,Marketplace,Carla,Pessoa Física,Notebook Lite 15,Eletrônicos,2,2850.00,0,7.32,5700.00,0.00,2.56,-2.56,0.00,PIX,Cancelado,7,
PED-00912,2026-01-16,2026,01,Centro-Oeste,Campo Grande,Site,Carla,Pequena Empresa,Impressora Wi-Fi,Escritório,4,760.00,0,83.51,3040.00,3123.51,2089.23,1034.28,33.11,PIX,Concluído,3,1
PED-00959,2026-01-16,2026,01,Sudeste,Rio de Janeiro,Marketplace,Eduarda,Média Empresa,Tablet 10,Telefonia,2,1850.00,10,82.06,3700.00,511.81,2268.41,-1756.60,-343.21,PIX,Devolvido,5,
PED-01038,2026-01-16,2026,01,Sul,Curitiba,Site,Eduarda,Pequena Empresa,Notebook Lite 15,Eletrônicos,1,2850.00,15,13.02,2850.00,2435.52,2154.56,280.96,11.54,PIX,Concluído,8,5
PED-00245,2026-01-17,2026,01,Sudeste,Belo Horizonte,Site,Henrique,Média Empresa,Notebook Pro 14,Eletrônicos,3,4200.00,20,21.66,12600.00,10101.66,9457.58,644.08,6.38,Boleto,Concluído,12,4
PED-01016,2026-01-17,2026,01,Sudeste,São Paulo,Site,Ana,Média Empresa,Monitor 24,Eletrônicos,1,920.00,0,88.36,920.00,1008.36,670.93,337.43,33.46,Cartão de Crédito,Concluído,2,5
PED-01204,2026-01-17,2026,01,Sul,Porto Alegre,Site,Daniel,Pessoa Física,Webcam Full HD,Acessórios,5,310.00,15,78.57,1550.00,1396.07,977.50,418.57,29.98,Cartão de Crédito,Concluído,6,2
PED-01443,2026-01-17,2026,01,Sudeste,Belo Horizonte,Aplicativo,Eduarda,Corporativo,Monitor 27,Eletrônicos,1,1450.00,10,89.12,1450.00,1394.12,1051.19,342.93,24.60,Boleto,Concluído,8,3
PED-00131,2026-01-18,2026,01,Sul,Florianópolis,Loja Física,Daniel,Pequena Empresa,Smartphone X,Telefonia,2,3200.00,0,3.70,6400.00,960.55,4166.11,-3205.56,-333.72,Transferência,Devolvido,6,
PED-00340,2026-01-18,2026,01,Sudeste,Campinas,Marketplace,Carla,Pequena Empresa,Headset USB,Acessórios,3,260.00,15,20.96,780.00,683.96,472.34,211.62,30.94,Boleto,Concluído,7,5
PED-00467,2026-01-18,2026,01,Centro-Oeste,Goiânia,Marketplace,Carla,Pessoa Física,Notebook Pro 14,Eletrônicos,5,4200.00,0,15.51,21000.00,21015.51,15755.43,5260.08,25.03,Boleto,Concluído,6,4
PED-00515,2026-01-18,2026,01,Centro-Oeste,Goiânia,Site,Henrique,Média Empresa,Monitor 27,Eletrônicos,3,1450.00,5,90.74,4350.00,0.00,31.76,-31.76,0.00,Cartão de Crédito,Cancelado,11,
PED-00657,2026-01-18,2026,01,Sudeste,Rio de Janeiro,Loja Física,Bruno,Pessoa Física,Monitor 27,Eletrônicos,2,1450.00,0,0.21,2900.00,435.03,1734.06,-1299.03,-298.61,Transferência,Devolvido,10,
PED-00852,2026-01-19,2026,01,Sul,Florianópolis,Site,Gabriela,Pequena Empresa,Notebook Pro 14,Eletrônicos,6,4200.00,10,78.98,25200.00,3413.85,16088.49,-12674.64,-371.27,Cartão de Crédito,Devolvido,4,
PED-01011,2026-01-19,2026,01,Sudeste,Rio de Janeiro,Loja Física,Eduarda,Pessoa Física,Tablet 10,Telefonia,1,1850.00,0,11.32,1850.00,1861.32,1323.96,537.36,28.87,Transferência,Concluído,8,1
PED-00757,2026-01-20,2026,01,Sudeste,Campinas,Loja Física,Felipe,Pessoa Física,Impressora Wi-Fi,Escritório,2,760.00,5,38.97,1520.00,1482.97,1043.64,439.33,29.63,Transferência,Concluído,9,1
PED-00983,2026-01-20,2026,01,Sudeste,Campinas,Marketplace,Felipe,Pessoa Física,Smartphone X,Telefonia,1,3200.00,0,18.33,3200.00,3218.33,2456.42,761.91,23.67,Transferência,Concluído,5,2
PED-00102,2026-01-21,2026,01,Sudeste,Rio de Janeiro,Loja Física,Ana,Pessoa Física,Teclado Mecânico,Acessórios,3,350.00,0,42.20,1050.00,1092.20,644.77,447.43,40.97,PIX,Concluído,12,5
PED-00483,2026-01-21,2026,01,Sul,Curitiba,Site,Eduarda,Média Empresa,SSD 1 TB,Componentes,1,510.00,5,29.68,510.00,514.18,355.39,158.79,30.88,Transferência,Concluído,8,5
PED-01176,2026-01-21,2026,01,Sudeste,Campinas,Site,Eduarda,Pessoa Física,Monitor 27,Eletrônicos,2,1450.00,10,16.03,2900.00,0.00,5.61,-5.61,0.00,Cartão de Crédito,Cancelado,6,
PED-01262,2026-01-21,2026,01,Sul,Porto Alegre,Loja Física,Gabriela,Pequena Empresa,Cadeira Ergonômica,Móveis,2,1350.00,5,48.14,2700.00,0.00,16.85,-16.85,0.00,Cartão de Crédito,Cancelado,5,
PED-00383,2026-01-23,2026,01,Sudeste,Rio de Janeiro,Aplicativo,Carla,Pessoa Física,Tablet 10,Telefonia,1,1850.00,10,4.87,1850.00,1669.87,1321.70,348.17,20.85,Transferência,Concluído,5,5
PED-00812,2026-01-25,2026,01,Nordeste,Natal,Marketplace,Carla,Média Empresa,Webcam Full HD,Acessórios,4,310.00,15,63.46,1240.00,1117.46,782.21,335.25,30.00,Boleto,Concluído,11,4
PED-01227,2026-01-25,2026,01,Centro-Oeste,Brasília,Loja Física,Daniel,Pequena Empresa,Monitor 24,Eletrônicos,2,920.00,5,74.03,1840.00,0.00,25.91,-25.91,0.00,Cartão de Crédito,Cancelado,8,
PED-00257,2026-01-26,2026,01,Sudeste,Rio de Janeiro,Site,Daniel,Pessoa Física,Mesa Home Office,Móveis,10,980.00,15,93.73,9800.00,8423.73,6232.81,2190.92,26.01,PIX,Concluído,6,5
PED-00361,2026-01-26,2026,01,Nordeste,Fortaleza,Site,Gabriela,Pessoa Física,Monitor 24,Eletrônicos,5,920.00,15,21.54,4600.00,589.73,2726.41,-2136.68,-362.31,Cartão de Crédito,Devolvido,10,
PED-00592,2026-01-26,2026,01,Norte,Manaus,Marketplace,Daniel,Pessoa Física,Headset USB,Acessórios,1,260.00,20,60.71,260.00,268.71,176.25,92.46,34.41,PIX,Concluído,2,3
PED-01269,2026-01-26,2026,01,Centro-Oeste,Goiânia,Loja Física,Felipe,Pequena Empresa,Teclado Mecânico,Acessórios,1,350.00,5,31.73,350.00,0.00,11.11,-11.11,0.00,PIX,Cancelado,6,
PED-00224,2026-01-27,2026,01,Sul,Londrina,Site,Felipe,Pessoa Física,Smartphone Y,Telefonia,1,2150.00,5,20.81,2150.00,2063.31,1587.28,476.03,23.07,Transferência,Concluído,1,5
PED-00362,2026-01-27,2026,01,Sudeste,São Paulo,Site,Carla,Pessoa Física,Notebook Lite 15,Eletrônicos,3,2850.00,0,64.00,8550.00,8614.00,6472.40,2141.60,24.86,Cartão de Crédito,Concluído,8,5
PED-00822,2026-01-27,2026,01,Norte,Palmas,Aplicativo,Bruno,Pessoa Física,Notebook Pro 14,Eletrônicos,2,4200.00,0,73.26,8400.00,8473.26,6325.64,2147.62,25.35,Cartão de Crédito,Concluído,6,4
PED-00836,2026-01-27,2026,01,Sudeste,São Paulo,Site,Felipe,Pessoa Física,Smartphone Y,Telefonia,1,2150.00,5,8.94,2150.00,2051.44,1583.13,468.31,22.83,Cartão de Crédito,Concluído,5,4
PED-01166,2026-01-27,2026,01,Sudeste,São Paulo,Aplicativo,Daniel,Pessoa Física,Tablet 10,Telefonia,2,1850.00,5,63.84,3700.00,536.83,2262.99,-1726.16,-321.55,PIX,Devolvido,3,
PED-01211,2026-01-27,2026,01,Nordeste,Natal,Site,Carla,Pequena Empresa,Webcam Full HD,Acessórios,8,310.00,10,16.68,2480.00,2248.68,1525.84,722.84,32.15,Transferência,Concluído,11,3
PED-00063,2026-01-28,2026,01,Centro-Oeste,Campo Grande,Site,Henrique,Pequena Empresa,Webcam Full HD,Acessórios,4,310.00,5,63.05,1240.00,186.16,664.76,-478.60,-257.09,Transferência,Devolvido,3,
PED-00419,2026-01-28,2026,01,Nordeste,Recife,Site,Felipe,Pessoa Física,Webcam Full HD,Acessórios,1,310.00,15,4.99,310.00,268.49,191.75,76.74,28.58,Transferência,Concluído,7,4
PED-00732,2026-01-28,2026,01,Sul,Florianópolis,Site,Ana,Média Empresa,Webcam Full HD,Acessórios,1,310.00,15,38.27,310.00,0.00,13.39,-13.39,0.00,Cartão de Crédito,Cancelado,9,
PED-00873,2026-01-28,2026,01,Norte,Palmas,Site,Ana,Pequena Empresa,Impressora Wi-Fi,Escritório,1,760.00,10,94.90,760.00,0.00,33.22,-33.22,0.00,Transferência,Cancelado,10,
PED-00616,2026-01-29,2026,01,Sudeste,São Paulo,Marketplace,Ana,Corporativo,Memória RAM 16 GB,Componentes,1,390.00,15,15.42,390.00,346.92,250.40,96.52,27.82,Boleto,Concluído,5,5
PED-00684,2026-01-29,2026,01,Sul,Curitiba,Site,Eduarda,Pessoa Física,Monitor 27,Eletrônicos,3,1450.00,0,87.72,4350.00,4437.72,3090.70,1347.02,30.35,PIX,Concluído,1,5
PED-01432,2026-01-29,2026,01,Sul,Florianópolis,Marketplace,Bruno,Pessoa Física,Mouse Sem Fio,Acessórios,2,145.00,5,48.19,290.00,0.00,16.87,-16.87,0.00,Boleto,Cancelado,3,
PED-00628,2026-01-30,2026,01,Sul,Porto Alegre,Aplicativo,Ana,Pessoa Física,Mesa Home Office,Móveis,4,980.00,5,63.94,3920.00,0.00,22.38,-22.38,0.00,PIX,Cancelado,8,
PED-01370,2026-01-30,2026,01,Sudeste,São Paulo,Marketplace,Eduarda,Pequena Empresa,Mouse Sem Fio,Acessórios,1,145.00,15,44.99,145.00,168.24,97.75,70.49,41.90,Boleto,Concluído,7,2
PED-01054,2026-01-31,2026,01,Sudeste,São Paulo,Loja Física,Gabriela,Pequena Empresa,SSD 1 TB,Componentes,2,510.00,10,36.53,1020.00,0.00,12.79,-12.79,0.00,Cartão de Crédito,Cancelado,7,
PED-01206,2026-01-31,2026,01,Sudeste,Rio de Janeiro,Marketplace,Henrique,Pequena Empresa,Memória RAM 16 GB,Componentes,1,390.00,5,70.96,390.00,441.46,269.84,171.62,38.88,PIX,Concluído,6,5
PED-00238,2026-02-01,2026,02,Sudeste,Campinas,Site,Henrique,Pessoa Física,Mouse Sem Fio,Acessórios,2,145.00,0,79.52,290.00,0.00,27.83,-27.83,0.00,PIX,Cancelado,1,
PED-00853,2026-02-01,2026,02,Sudeste,Rio de Janeiro,Marketplace,Felipe,Média Empresa,Teclado Mecânico,Acessórios,4,350.00,10,40.34,1400.00,1300.34,854.12,446.22,34.32,Transferência,Concluído,9,2
PED-00941,2026-02-01,2026,02,Nordeste,Fortaleza,Loja Física,Eduarda,Pessoa Física,Cadeira Ergonômica,Móveis,2,1350.00,15,22.30,2700.00,0.00,7.80,-7.80,0.00,Cartão de Crédito,Cancelado,6,
PED-01323,2026-02-01,2026,02,Sul,Curitiba,Loja Física,Daniel,Corporativo,SSD 1 TB,Componentes,2,510.00,10,11.90,1020.00,929.90,694.16,235.74,25.35,Boleto,Concluído,11,3
PED-00186,2026-02-02,2026,02,Sul,Florianópolis,Site,Henrique,Pequena Empresa,Tablet 10,Telefonia,4,1850.00,10,28.26,7400.00,0.00,9.89,-9.89,0.00,Cartão de Crédito,Cancelado,10,
PED-00226,2026-02-02,2026,02,Norte,Belém,Site,Felipe,Média Empresa,Smartphone Y,Telefonia,3,2150.00,15,2.68,6450.00,822.78,4029.80,-3207.02,-389.78,PIX,Devolvido,6,
PED-00369,2026-02-02,2026,02,Nordeste,Fortaleza,Aplicativo,Ana,Pessoa Física,Cadeira Ergonômica,Móveis,5,1350.00,5,93.08,6750.00,0.00,32.58,-32.58,0.00,Cartão de Crédito,Cancelado,12,
PED-00519,2026-02-02,2026,02,Sudeste,Campinas,Site,Gabriela,Média Empresa,Memória RAM 16 GB,Componentes,3,390.00,5,40.47,1170.00,1151.97,749.16,402.81,34.97,Transferência,Concluído,9,4
PED-00172,2026-02-03,2026,02,Sudeste,São Paulo,Site,Eduarda,Pessoa Física,Smartphone X,Telefonia,4,3200.00,0,8.29,12800.00,12808.29,9802.90,3005.39,23.46,Transferência,Concluído,8,4
PED-01368,2026-02-03,2026,02,Centro-Oeste,Campo Grande,Aplicativo,Daniel,Pessoa Física,Webcam Full HD,Acessórios,3,310.00,5,25.80,930.00,136.39,492.18,-355.79,-260.86,Boleto,Devolvido,8,
PED-00110,2026-02-04,2026,02,Sudeste,Campinas,Aplicativo,Eduarda,Pequena Empresa,Memória RAM 16 GB,Componentes,2,390.00,0,22.91,780.00,120.44,423.32,-302.88,-251.48,Cartão de Crédito,Devolvido,11,
PED-00926,2026-02-05,2026,02,Sudeste,Belo Horizonte,Site,Eduarda,Pessoa Física,Headset USB,Acessórios,2,260.00,10,55.66,520.00,78.55,280.06,-201.51,-256.54,PIX,Devolvido,3,
PED-01487,2026-02-05,2026,02,Nordeste,Salvador,Marketplace,Daniel,Pessoa Física,Impressora Wi-Fi,Escritório,2,760.00,0,32.20,1520.00,1552.20,1041.27,510.93,32.92,Cartão de Crédito,Concluído,10,4
PED-00194,2026-02-07,2026,02,Sudeste,Belo Horizonte,Marketplace,Gabriela,Pessoa Física,Memória RAM 16 GB,Componentes,3,390.00,15,8.84,1170.00,0.00,3.09,-3.09,0.00,Boleto,Cancelado,12,
PED-00217,2026-02-07,2026,02,Sudeste,Belo Horizonte,Site,Daniel,Pessoa Física,Smartphone X,Telefonia,4,3200.00,0,10.04,12800.00,12810.04,9803.51,3006.53,23.47,Cartão de Crédito,Concluído,8,4
PED-00426,2026-02-07,2026,02,Nordeste,Salvador,Site,Gabriela,Pessoa Física,Mouse Sem Fio,Acessórios,3,145.00,15,67.96,435.00,437.71,269.79,167.92,38.36,Boleto,Concluído,1,2
PED-00744,2026-02-07,2026,02,Sudeste,Belo Horizonte,Marketplace,Carla,Pequena Empresa,Monitor 27,Eletrônicos,1,1450.00,0,56.65,1450.00,226.00,883.86,-657.86,-291.09,Cartão de Crédito,Devolvido,1,
PED-01183,2026-02-07,2026,02,Sudeste,Belo Horizonte,Marketplace,Henrique,Corporativo,Smartphone Y,Telefonia,3,2150.00,5,14.28,6450.00,6141.78,4745.00,1396.78,22.74,PIX,Concluído,9,5
PED-01342,2026-02-07,2026,02,Norte,Manaus,Marketplace,Gabriela,Corporativo,SSD 1 TB,Componentes,1,510.00,5,37.40,510.00,521.90,358.09,163.81,31.39,Boleto,Concluído,1,4
PED-01472,2026-02-07,2026,02,Nordeste,Recife,Marketplace,Carla,Pessoa Física,Notebook Lite 15,Eletrônicos,5,2850.00,5,40.07,14250.00,2036.64,9149.42,-7112.78,-349.24,Transferência,Devolvido,7,
PED-01063,2026-02-08,2026,02,Sudeste,Campinas,Site,Carla,Pessoa Física,Teclado Mecânico,Acessórios,3,350.00,5,74.40,1050.00,1071.90,656.04,415.86,38.80,Cartão de Crédito,Concluído,4,4
PED-01192,2026-02-08,2026,02,Sudeste,Belo Horizonte,Site,Daniel,Pequena Empresa,Headset USB,Acessórios,1,260.00,5,54.73,260.00,301.73,174.16,127.57,42.28,PIX,Concluído,7,5
PED-00789,2026-02-09,2026,02,Sul,Florianópolis,Site,Eduarda,Pequena Empresa,Notebook Lite 15,Eletrônicos,4,2850.00,10,11.81,11400.00,0.00,4.13,-4.13,0.00,Boleto,Cancelado,11,
PED-01025,2026-02-09,2026,02,Sudeste,Belo Horizonte,Loja Física,Bruno,Pessoa Física,Tablet 10,Telefonia,3,1850.00,0,65.92,5550.00,5615.92,3983.07,1632.85,29.08,Cartão de Crédito,Concluído,12,1
PED-01130,2026-02-09,2026,02,Sudeste,Rio de Janeiro,Marketplace,Daniel,Pequena Empresa,Teclado Mecânico,Acessórios,1,350.00,0,81.54,350.00,0.00,28.54,-28.54,0.00,PIX,Cancelado,2,
PED-01243,2026-02-09,2026,02,Nordeste,Salvador,Site,Henrique,Pequena Empresa,Memória RAM 16 GB,Componentes,4,390.00,5,52.87,1560.00,1534.87,998.50,536.37,34.95,Transferência,Concluído,2,4
PED-01009,2026-02-10,2026,02,Sul,Florianópolis,Marketplace,Gabriela,Pessoa Física,Notebook Pro 14,Eletrônicos,1,4200.00,10,19.84,4200.00,0.00,6.94,-6.94,0.00,Cartão de Crédito,Cancelado,8,
PED-00091,2026-02-11,2026,02,Sul,Londrina,Aplicativo,Felipe,Pessoa Física,Notebook Lite 15,Eletrônicos,2,2850.00,10,39.68,5700.00,5169.68,4313.89,855.79,16.55,Boleto,Concluído,7,1
PED-00160,2026-02-11,2026,02,Sul,Florianópolis,Marketplace,Felipe,Pessoa Física,Webcam Full HD,Acessórios,2,310.00,15,44.27,620.00,85.69,336.17,-250.48,-292.31,Boleto,Devolvido,8,
PED-00302,2026-02-11,2026,02,Sul,Porto Alegre,Loja Física,Carla,Pequena Empresa,Smartphone Y,Telefonia,1,2150.00,0,53.80,2150.00,0.00,18.83,-18.83,0.00,PIX,Cancelado,11,
PED-01152,2026-02-11,2026,02,Sudeste,São Paulo,Marketplace,Gabriela,Pessoa Física,Memória RAM 16 GB,Componentes,4,390.00,0,20.48,1560.00,0.00,7.17,-7.17,0.00,PIX,Cancelado,9,
PED-00589,2026-02-12,2026,02,Sudeste,Rio de Janeiro,Marketplace,Henrique,Pequena Empresa,Webcam Full HD,Acessórios,2,310.00,15,29.74,620.00,556.74,390.41,166.33,29.88,Transferência,Concluído,7,5
PED-00729,2026-02-12,2026,02,Sudeste,Belo Horizonte,Marketplace,Carla,Pessoa Física,Notebook Pro 14,Eletrônicos,1,4200.00,10,35.34,4200.00,3815.34,3162.37,652.97,17.11,Cartão de Crédito,Concluído,2,1
PED-00962,2026-02-12,2026,02,Sul,Florianópolis,Aplicativo,Eduarda,Pessoa Física,Mesa Home Office,Móveis,1,980.00,15,83.98,980.00,916.98,649.39,267.59,29.18,PIX,Concluído,9,5
PED-01087,2026-02-12,2026,02,Sul,Florianópolis,Loja Física,Gabriela,Pequena Empresa,Smartphone X,Telefonia,8,3200.00,10,82.47,25600.00,23122.47,19628.86,3493.61,15.11,PIX,Concluído,1,5
PED-01178,2026-02-12,2026,02,Sul,Porto Alegre,Aplicativo,Henrique,Pequena Empresa,Memória RAM 16 GB,Componentes,1,390.00,0,1.33,390.00,391.33,245.47,145.86,37.27,Transferência,Concluído,11,2
PED-00027,2026-02-13,2026,02,Sudeste,São Paulo,Aplicativo,Eduarda,Pessoa Física,Smartphone X,Telefonia,2,3200.00,10,80.15,6400.00,5840.15,4928.05,912.10,15.62,Boleto,Concluído,1,3
PED-00865,2026-02-13,2026,02,Nordeste,Fortaleza,Site,Daniel,Pessoa Física,Mouse Sem Fio,Acessórios,2,145.00,0,25.37,290.00,0.00,8.88,-8.88,0.00,Boleto,Cancelado,11,
PED-00933,2026-02-13,2026,02,Nordeste,Salvador,Site,Carla,Pessoa Física,Impressora Wi-Fi,Escritório,6,760.00,0,87.46,4560.00,4647.46,3120.61,1526.85,32.85,Boleto,Concluído,12,4
PED-01248,2026-02-13,2026,02,Sudeste,Rio de Janeiro,Site,Bruno,Pessoa Física,Cadeira Ergonômica,Móveis,5,1350.00,5,48.75,6750.00,6461.25,4417.06,2044.19,31.64,Boleto,Concluído,10,5
PED-00360,2026-02-14,2026,02,Nordeste,Fortaleza,Loja Física,Carla,Pessoa Física,Headset USB,Acessórios,5,260.00,10,77.85,1300.00,1247.85,802.25,445.60,35.71,Cartão de Crédito,Concluído,10,5
PED-00087,2026-02-15,2026,02,Sudeste,São Paulo,Site,Daniel,Pessoa Física,Monitor 24,Eletrônicos,2,920.00,0,29.61,1840.00,1869.61,1290.36,579.25,30.98,Cartão de Crédito,Concluído,10,4
PED-00145,2026-02-15,2026,02,Sudeste,Rio de Janeiro,Marketplace,Daniel,Pessoa Física,Monitor 27,Eletrônicos,2,1450.00,5,25.36,2900.00,2780.36,2048.88,731.48,26.31,Cartão de Crédito,Concluído,5,4
PED-00318,2026-02-15,2026,02,Nordeste,Salvador,Aplicativo,Carla,Pequena Empresa,Mesa Home Office,Móveis,2,980.00,0,62.40,1960.00,0.00,21.84,-21.84,0.00,PIX,Cancelado,5,
PED-00849,2026-02-15,2026,02,Sudeste,Rio de Janeiro,Loja Física,Bruno,Pessoa Física,Mesa Home Office,Móveis,4,980.00,20,38.07,3920.00,3174.07,2493.32,680.75,21.45,Boleto,Concluído,3,4
PED-00935,2026-02-15,2026,02,Nordeste,Recife,Loja Física,Bruno,Pessoa Física,Smartphone Y,Telefonia,3,2150.00,10,79.44,6450.00,5884.44,4767.80,1116.64,18.98,Cartão de Crédito,Concluído,6,5
PED-01084,2026-02-15,2026,02,Centro-Oeste,Goiânia,Loja Física,Eduarda,Pequena Empresa,Impressora Wi-Fi,Escritório,1,760.00,5,66.81,760.00,788.81,538.38,250.43,31.75,Cartão de Crédito,Concluído,2,2
PED-01469,2026-02-15,2026,02,Centro-Oeste,Campo Grande,Site,Gabriela,Pessoa Física,Monitor 24,Eletrônicos,2,920.00,0,33.12,1840.00,280.97,1097.85,-816.88,-290.74,Transferência,Devolvido,10,
PED-00659,2026-02-16,2026,02,Sudeste,Campinas,Marketplace,Bruno,Pessoa Física,Smartphone Y,Telefonia,5,2150.00,5,86.75,10750.00,10299.25,7930.36,2368.89,23.00,Boleto,Concluído,3,5
PED-01240,2026-02-17,2026,02,Sul,Florianópolis,Aplicativo,Ana,Pequena Empresa,Impressora Wi-Fi,Escritório,4,760.00,0,55.91,3040.00,464.39,1767.63,-1303.24,-280.63,Cartão de Crédito,Devolvido,8,
PED-00591,2026-02-18,2026,02,Sudeste,São Paulo,Marketplace,Ana,Corporativo,Mesa Home Office,Móveis,1,980.00,20,31.37,980.00,122.31,536.33,-414.02,-338.50,Transferência,Devolvido,10,
PED-00768,2026-02-18,2026,02,Sudeste,Rio de Janeiro,Site,Bruno,Pessoa Física,Monitor 24,Eletrônicos,3,920.00,5,22.00,2760.00,396.60,1638.55,-1241.95,-313.15,Cartão de Crédito,Devolvido,4,
PED-00955,2026-02-18,2026,02,Sudeste,Campinas,Site,Bruno,Pessoa Física,Impressora Wi-Fi,Escritório,2,760.00,5,47.27,1520.00,1491.27,1046.54,444.73,29.82,Cartão de Crédito,Concluído,11,5
PED-01194,2026-02-18,2026,02,Centro-Oeste,Goiânia,Site,Felipe,Pessoa Física,Webcam Full HD,Acessórios,5,310.00,15,10.09,1550.00,199.14,810.50,-611.36,-307.00,Boleto,Devolvido,7,
PED-01076,2026-02-19,2026,02,Norte,Porto Velho,Loja Física,Eduarda,Pessoa Física,Notebook Lite 15,Eletrônicos,1,2850.00,0,74.43,2850.00,2924.43,2176.05,748.38,25.59,Cartão de Crédito,Concluído,8,5
PED-00404,2026-02-20,2026,02,Sudeste,São Paulo,Loja Física,Henrique,Pessoa Física,Monitor 27,Eletrônicos,2,1450.00,10,52.06,2900.00,2662.06,2058.22,603.84,22.68,PIX,Concluído,7,2
PED-00643,2026-02-20,2026,02,Sudeste,Campinas,Site,Bruno,Pequena Empresa,Notebook Pro 14,Eletrônicos,1,4200.00,10,11.15,4200.00,0.00,3.90,-3.90,0.00,PIX,Cancelado,12,
PED-00919,2026-02-20,2026,02,Norte,Palmas,Marketplace,Henrique,Pessoa Física,SSD 1 TB,Componentes,1,510.00,10,87.77,510.00,546.77,375.72,171.05,31.28,Transferência,Concluído,3,3
PED-00971,2026-02-20,2026,02,Centro-Oeste,Campo Grande,Loja Física,Henrique,Corporativo,Impressora Wi-Fi,Escritório,2,760.00,5,63.21,1520.00,1507.21,1052.12,455.09,30.19,PIX,Concluído,12,4
PED-01375,2026-02-20,2026,02,Sul,Londrina,Site,Carla,Pessoa Física,Notebook Lite 15,Eletrônicos,5,2850.00,0,75.80,14250.00,14325.80,10776.53,3549.27,24.78,Transferência,Concluído,3,4
PED-01429,2026-02-20,2026,02,Sul,Curitiba,Loja Física,Gabriela,Pequena Empresa,Memória RAM 16 GB,Componentes,3,390.00,15,15.87,1170.00,151.56,629.47,-477.91,-315.33,Cartão de Crédito,Devolvido,9,
PED-01393,2026-02-21,2026,02,Nordeste,Salvador,Site,Henrique,Pequena Empresa,Headset USB,Acessórios,2,260.00,10,64.11,520.00,79.82,282.57,-202.75,-254.01,Cartão de Crédito,Devolvido,7,
PED-00060,2026-02-22,2026,02,Sudeste,São Paulo,Marketplace,Bruno,Pequena Empresa,Monitor 24,Eletrônicos,1,920.00,15,27.73,920.00,121.46,552.25,-430.79,-354.68,Transferência,Devolvido,5,
PED-00948,2026-02-22,2026,02,Nordeste,Recife,Loja Física,Carla,Pessoa Física,Tablet 10,Telefonia,2,1850.00,10,83.51,3700.00,3413.51,2669.23,744.28,21.80,Transferência,Concluído,2,3
PED-01091,2026-02-22,2026,02,Sul,Londrina,Aplicativo,Daniel,Corporativo,Monitor 24,Eletrônicos,4,920.00,0,25.15,3680.00,555.77,2183.48,-1627.71,-292.87,PIX,Devolvido,1,
PED-01108,2026-02-22,2026,02,Nordeste,Fortaleza,Marketplace,Daniel,Pessoa Física,Notebook Pro 14,Eletrônicos,1,4200.00,5,58.26,4200.00,4048.26,3170.39,877.87,21.69,Boleto,Concluído,4,5
PED-01163,2026-02-22,2026,02,Norte,Palmas,Site,Bruno,Pessoa Física,Notebook Pro 14,Eletrônicos,2,4200.00,15,60.98,8400.00,7200.98,6321.34,879.64,12.22,PIX,Concluído,12,3
PED-01346,2026-02-22,2026,02,Nordeste,Fortaleza,Aplicativo,Bruno,Pequena Empresa,Teclado Mecânico,Acessórios,2,350.00,5,20.96,700.00,0.00,7.34,-7.34,0.00,PIX,Cancelado,6,
PED-01490,2026-02-22,2026,02,Norte,Manaus,Marketplace,Bruno,Pessoa Física,Monitor 27,Eletrônicos,1,1450.00,0,23.26,1450.00,1473.26,1028.14,445.12,30.21,Boleto,Concluído,3,5
PED-00189,2026-02-23,2026,02,Sudeste,Campinas,Marketplace,Bruno,Pessoa Física,Memória RAM 16 GB,Componentes,4,390.00,0,3.11,1560.00,1563.11,981.09,582.02,37.23,Transferência,Concluído,9,4
PED-01236,2026-02-23,2026,02,Sudeste,São Paulo,Marketplace,Daniel,Pessoa Física,SSD 1 TB,Componentes,8,510.00,15,27.33,4080.00,0.00,9.57,-9.57,0.00,Transferência,Cancelado,5,
PED-00503,2026-02-25,2026,02,Sul,Porto Alegre,Site,Felipe,Pequena Empresa,Smartphone X,Telefonia,1,3200.00,5,17.28,3200.00,3057.28,2456.05,601.23,19.67,Cartão de Crédito,Concluído,10,3
PED-00606,2026-02-25,2026,02,Nordeste,Natal,Aplicativo,Bruno,Pequena Empresa,Mesa Home Office,Móveis,4,980.00,15,54.07,3920.00,3386.07,2498.92,887.15,26.20,Transferência,Concluído,2,4
PED-01031,2026-02-25,2026,02,Sudeste,Rio de Janeiro,Marketplace,Ana,Corporativo,Monitor 27,Eletrônicos,2,1450.00,5,44.00,2900.00,419.85,1747.09,-1327.24,-316.12,Transferência,Devolvido,10,
PED-01436,2026-02-25,2026,02,Sudeste,Campinas,Marketplace,Felipe,Pessoa Física,SSD 1 TB,Componentes,3,510.00,5,50.66,1530.00,1504.16,1052.73,451.43,30.01,Cartão de Crédito,Concluído,5,5
PED-00026,2026-02-26,2026,02,Sudeste,São Paulo,Marketplace,Ana,Média Empresa,Webcam Full HD,Acessórios,1,310.00,15,43.73,310.00,307.23,205.31,101.92,33.17,PIX,Concluído,4,3
PED-00545,2026-02-26,2026,02,Sudeste,Campinas,Aplicativo,Henrique,Pessoa Física,Monitor 24,Eletrônicos,1,920.00,10,38.26,920.00,0.00,13.39,-13.39,0.00,Transferência,Cancelado,9,
PED-00989,2026-02-27,2026,02,Sudeste,Belo Horizonte,Loja Física,Daniel,Pessoa Física,Mesa Home Office,Móveis,3,980.00,20,23.91,2940.00,2375.91,1868.37,507.54,21.36,Transferência,Concluído,2,2
PED-00233,2026-02-28,2026,02,Centro-Oeste,Cuiabá,Marketplace,Bruno,Média Empresa,Memória RAM 16 GB,Componentes,4,390.00,10,72.03,1560.00,1476.03,1005.21,470.82,31.90,Cartão de Crédito,Concluído,3,4
PED-00375,2026-02-28,2026,02,Sudeste,Belo Horizonte,Site,Daniel,Pessoa Física,Impressora Wi-Fi,Escritório,1,760.00,10,58.14,760.00,742.14,535.35,206.79,27.86,PIX,Concluído,10,4
PED-00723,2026-02-28,2026,02,Sul,Curitiba,Site,Gabriela,Pessoa Física,Monitor 24,Eletrônicos,1,920.00,15,76.81,920.00,858.81,666.88,191.93,22.35,PIX,Concluído,5,1
PED-00818,2026-02-28,2026,02,Sul,Porto Alegre,Aplicativo,Ana,Média Empresa,Headset USB,Acessórios,4,260.00,5,47.64,1040.00,1035.64,636.67,398.97,38.52,Boleto,Concluído,1,3
PED-01384,2026-02-28,2026,02,Sudeste,Belo Horizonte,Loja Física,Eduarda,Pequena Empresa,Impressora Wi-Fi,Escritório,1,760.00,0,6.93,760.00,766.93,517.43,249.50,32.53,PIX,Concluído,10,3
PED-00033,2026-03-01,2026,03,Nordeste,Natal,Marketplace,Daniel,Pessoa Física,Headset USB,Acessórios,3,260.00,15,81.74,780.00,744.74,493.61,251.13,33.72,Transferência,Concluído,7,3
PED-01412,2026-03-01,2026,03,Sudeste,Campinas,Aplicativo,Henrique,Pessoa Física,Webcam Full HD,Acessórios,1,310.00,15,53.89,310.00,317.39,208.86,108.53,34.19,Transferência,Concluído,7,2
PED-00288,2026-03-02,2026,03,Sudeste,Rio de Janeiro,Aplicativo,Felipe,Pessoa Física,Tablet 10,Telefonia,1,1850.00,20,58.74,1850.00,1538.74,1340.56,198.18,12.88,Cartão de Crédito,Concluído,9,5
PED-00354,2026-03-02,2026,03,Nordeste,Salvador,Loja Física,Eduarda,Pessoa Física,Smartphone Y,Telefonia,3,2150.00,15,7.40,6450.00,5489.90,4742.59,747.31,13.61,PIX,Concluído,9,2
PED-00528,2026-03-02,2026,03,Nordeste,Fortaleza,Site,Gabriela,Pessoa Física,Memória RAM 16 GB,Componentes,2,390.00,10,64.47,780.00,766.47,512.56,253.91,33.13,Cartão de Crédito,Concluído,4,5
PED-01095,2026-03-02,2026,03,Centro-Oeste,Goiânia,Loja Física,Felipe,Pessoa Física,Mouse Sem Fio,Acessórios,6,145.00,5,51.52,870.00,0.00,18.03,-18.03,0.00,Cartão de Crédito,Cancelado,11,
PED-00764,2026-03-03,2026,03,Sudeste,Belo Horizonte,Marketplace,Gabriela,Pessoa Física,Impressora Wi-Fi,Escritório,1,760.00,10,84.86,760.00,0.00,29.70,-29.70,0.00,Cartão de Crédito,Cancelado,8,
PED-00142,2026-03-04,2026,03,Norte,Manaus,Aplicativo,Gabriela,Pequena Empresa,Mouse Sem Fio,Acessórios,1,145.00,10,82.87,145.00,213.37,111.00,102.37,47.98,Cartão de Crédito,Concluído,1,1
PED-00621,2026-03-04,2026,03,Nordeste,Natal,Site,Felipe,Pessoa Física,Impressora Wi-Fi,Escritório,1,760.00,5,47.75,760.00,769.75,531.71,238.04,30.92,PIX,Concluído,8,4
PED-00895,2026-03-04,2026,03,Nordeste,Natal,Site,Gabriela,Pessoa Física,Notebook Pro 14,Eletrônicos,4,4200.00,20,72.87,16800.00,13512.87,12625.50,887.37,6.57,Boleto,Concluído,12,3
PED-01073,2026-03-04,2026,03,Sul,Florianópolis,Aplicativo,Daniel,Pessoa Física,Teclado Mecânico,Acessórios,1,350.00,15,25.22,350.00,322.72,218.83,103.89,32.19,PIX,Concluído,2,3
PED-01425,2026-03-04,2026,03,Nordeste,Salvador,Site,Gabriela,Pessoa Física,Mouse Sem Fio,Acessórios,2,145.00,15,71.85,290.00,318.35,189.15,129.20,40.58,PIX,Concluído,4,3
PED-00441,2026-03-06,2026,03,Nordeste,Fortaleza,Site,Bruno,Pessoa Física,Headset USB,Acessórios,1,260.00,10,82.64,260.00,316.64,183.92,132.72,41.92,Transferência,Concluído,4,2
PED-01294,2026-03-06,2026,03,Sudeste,Rio de Janeiro,Site,Gabriela,Pessoa Física,Headset USB,Acessórios,3,260.00,10,50.16,780.00,0.00,17.56,-17.56,0.00,Cartão de Crédito,Cancelado,7,
PED-01329,2026-03-06,2026,03,Nordeste,Recife,Marketplace,Felipe,Pessoa Física,Mouse Sem Fio,Acessórios,1,145.00,5,44.02,145.00,181.77,97.41,84.36,46.41,Cartão de Crédito,Concluído,12,4
PED-00264,2026-03-07,2026,03,Nordeste,Fortaleza,Marketplace,Carla,Pessoa Física,Monitor 27,Eletrônicos,5,1450.00,5,58.68,7250.00,6946.18,5120.54,1825.64,26.28,Transferência,Concluído,2,5
PED-00731,2026-03-08,2026,03,Sudeste,Belo Horizonte,Site,Ana,Média Empresa,Impressora Wi-Fi,Escritório,2,760.00,20,40.02,1520.00,1256.02,1044.01,212.01,16.88,Boleto,Concluído,8,3
PED-00494,2026-03-09,2026,03,Sudeste,Belo Horizonte,Site,Eduarda,Pequena Empresa,Notebook Lite 15,Eletrônicos,1,2850.00,10,61.21,2850.00,2626.21,2171.42,454.79,17.32,Cartão de Crédito,Concluído,12,4
PED-00529,2026-03-09,2026,03,Sul,Florianópolis,Aplicativo,Gabriela,Média Empresa,Smartphone X,Telefonia,1,3200.00,10,61.39,3200.00,2941.39,2471.49,469.90,15.98,PIX,Concluído,12,4
PED-00742,2026-03-09,2026,03,Sudeste,Campinas,Site,Eduarda,Pessoa Física,Headset USB,Acessórios,2,260.00,5,64.71,520.00,83.81,282.75,-198.94,-237.37,Cartão de Crédito,Devolvido,4,
PED-01396,2026-03-09,2026,03,Sudeste,Campinas,Loja Física,Carla,Pessoa Física,Tablet 10,Telefonia,1,1850.00,20,59.24,1850.00,1539.24,1340.73,198.51,12.90,PIX,Concluído,1,3
PED-01444,2026-03-09,2026,03,Centro-Oeste,Cuiabá,Site,Ana,Pessoa Física,Tablet 10,Telefonia,4,1850.00,0,30.74,7400.00,7430.74,5290.76,2139.98,28.80,Transferência,Concluído,10,4
PED-00085,2026-03-10,2026,03,Norte,Porto Velho,Site,Daniel,Pessoa Física,Notebook Lite 15,Eletrônicos,2,2850.00,15,33.26,5700.00,0.00,11.64,-11.64,0.00,Cartão de Crédito,Cancelado,6,
PED-00251,2026-03-10,2026,03,Centro-Oeste,Campo Grande,Site,Henrique,Pessoa Física,Tablet 10,Telefonia,2,1850.00,10,55.53,3700.00,3385.53,2659.44,726.09,21.45,Boleto,Concluído,9,5
PED-00498,2026-03-10,2026,03,Nordeste,Fortaleza,Aplicativo,Carla,Pessoa Física,Memória RAM 16 GB,Componentes,3,390.00,15,2.00,1170.00,0.00,0.70,-0.70,0.00,Cartão de Crédito,Cancelado,1,
PED-00708,2026-03-10,2026,03,Sudeste,Rio de Janeiro,Site,Bruno,Pessoa Física,Cadeira Ergonômica,Móveis,1,1350.00,15,42.88,1350.00,1190.38,895.01,295.37,24.81,Boleto,Concluído,9,3
PED-00740,2026-03-10,2026,03,Nordeste,Salvador,Site,Bruno,Pequena Empresa,Mouse Sem Fio,Acessórios,1,145.00,15,17.77,145.00,141.02,88.22,52.80,37.44,Transferência,Concluído,8,5
PED-00054,2026-03-12,2026,03,Sul,Porto Alegre,Aplicativo,Carla,Pessoa Física,Monitor 27,Eletrônicos,1,1450.00,5,71.15,1450.00,0.00,24.90,-24.90,0.00,Transferência,Cancelado,5,
PED-00313,2026-03-12,2026,03,Sudeste,Rio de Janeiro,Aplicativo,Bruno,Pessoa Física,Teclado Mecânico,Acessórios,5,350.00,5,17.96,1750.00,252.07,897.85,-645.78,-256.19,Cartão de Crédito,Devolvido,12,
PED-00156,2026-03-14,2026,03,Sudeste,Belo Horizonte,Aplicativo,Gabriela,Pequena Empresa,Memória RAM 16 GB,Componentes,1,390.00,5,14.18,390.00,384.68,249.96,134.72,35.02,Transferência,Concluído,3,5
PED-00356,2026-03-14,2026,03,Sudeste,Rio de Janeiro,Marketplace,Felipe,Pequena Empresa,Monitor 27,Eletrônicos,2,1450.00,10,88.68,2900.00,2698.68,2071.04,627.64,23.26,Boleto,Concluído,9,5
PED-00490,2026-03-14,2026,03,Sudeste,São Paulo,Loja Física,Eduarda,Pessoa Física,Headset USB,Acessórios,1,260.00,10,29.77,260.00,263.77,165.42,98.35,37.29,Transferência,Concluído,7,3
PED-01252,2026-03-14,2026,03,Sul,Porto Alegre,Site,Eduarda,Pequena Empresa,Notebook Lite 15,Eletrônicos,4,2850.00,10,21.29,11400.00,1542.19,7316.33,-5774.14,-374.41,Boleto,Devolvido,7,
PED-00192,2026-03-15,2026,03,Sul,Porto Alegre,Loja Física,Ana,Pessoa Física,Mouse Sem Fio,Acessórios,2,145.00,10,16.00,290.00,41.55,144.16,-102.61,-246.96,Boleto,Devolvido,5,
PED-00685,2026-03-15,2026,03,Sul,Londrina,Site,Eduarda,Pequena Empresa,Smartphone X,Telefonia,1,3200.00,15,25.75,3200.00,2745.75,2459.01,286.74,10.44,Boleto,Concluído,11,4
PED-00879,2026-03-15,2026,03,Sudeste,Belo Horizonte,Loja Física,Bruno,Pequena Empresa,Monitor 27,Eletrônicos,2,1450.00,10,13.49,2900.00,2623.49,2044.72,578.77,22.06,Cartão de Crédito,Concluído,8,3
PED-01201,2026-03-15,2026,03,Sudeste,Belo Horizonte,Aplicativo,Gabriela,Pequena Empresa,Impressora Wi-Fi,Escritório,2,760.00,5,28.37,1520.00,1472.37,1039.93,432.44,29.37,Boleto,Concluído,3,4
PED-00665,2026-03-16,2026,03,Sul,Curitiba,Loja Física,Carla,Pessoa Física,Headset USB,Acessórios,5,260.00,10,14.13,1300.00,1184.13,779.95,404.18,34.13,Boleto,Concluído,3,4
PED-00728,2026-03-16,2026,03,Sul,Florianópolis,Aplicativo,Bruno,Pessoa Física,Headset USB,Acessórios,5,260.00,20,24.04,1300.00,1064.04,783.41,280.63,26.37,Boleto,Concluído,5,5
PED-00083,2026-03-17,2026,03,Centro-Oeste,Campo Grande,Site,Henrique,Pessoa Física,SSD 1 TB,Componentes,3,510.00,5,29.69,1530.00,1483.19,1045.39,437.80,29.52,Transferência,Concluído,6,5
PED-00405,2026-03-18,2026,03,Sul,Florianópolis,Marketplace,Daniel,Pessoa Física,Impressora Wi-Fi,Escritório,3,760.00,10,67.63,2280.00,2119.63,1568.67,550.96,25.99,Transferência,Concluído,2,4
PED-00778,2026-03-18,2026,03,Sudeste,Rio de Janeiro,Site,Ana,Pessoa Física,Memória RAM 16 GB,Componentes,4,390.00,0,57.77,1560.00,1617.77,1000.22,617.55,38.17,Cartão de Crédito,Concluído,11,5
PED-00869,2026-03-18,2026,03,Norte,Manaus,Loja Física,Eduarda,Pessoa Física,Impressora Wi-Fi,Escritório,2,760.00,0,87.51,1520.00,1607.51,1060.63,546.88,34.02,Cartão de Crédito,Concluído,7,5
PED-00945,2026-03-18,2026,03,Norte,Belém,Loja Física,Eduarda,Pessoa Física,Teclado Mecânico,Acessórios,3,350.00,5,54.14,1050.00,0.00,18.95,-18.95,0.00,PIX,Cancelado,7,
PED-01267,2026-03-18,2026,03,Sudeste,Belo Horizonte,Loja Física,Eduarda,Pessoa Física,Memória RAM 16 GB,Componentes,4,390.00,15,29.90,1560.00,1355.90,990.47,365.43,26.95,Boleto,Concluído,8,5
PED-01126,2026-03-19,2026,03,Nordeste,Recife,Marketplace,Ana,Pessoa Física,Teclado Mecânico,Acessórios,1,350.00,0,80.08,350.00,430.08,238.03,192.05,44.65,PIX,Concluído,2,2
PED-00293,2026-03-20,2026,03,Sudeste,São Paulo,Marketplace,Bruno,Pequena Empresa,Smartphone X,Telefonia,2,3200.00,10,6.90,6400.00,0.00,2.42,-2.42,0.00,Boleto,Cancelado,2,
PED-00706,2026-03-20,2026,03,Sudeste,São Paulo,Site,Henrique,Pessoa Física,Headset USB,Acessórios,3,260.00,0,43.18,780.00,0.00,15.11,-15.11,0.00,Transferência,Cancelado,3,
PED-00995,2026-03-20,2026,03,Norte,Belém,Marketplace,Ana,Pessoa Física,Impressora Wi-Fi,Escritório,1,760.00,20,67.07,760.00,0.00,23.47,-23.47,0.00,PIX,Cancelado,5,
PED-00649,2026-03-21,2026,03,Sudeste,Rio de Janeiro,Site,Bruno,Pessoa Física,Tablet 10,Telefonia,3,1850.00,5,31.29,5550.00,5303.79,3970.95,1332.84,25.13,Boleto,Concluído,6,5
PED-00664,2026-03-21,2026,03,Sudeste,Campinas,Site,Gabriela,Pessoa Física,Memória RAM 16 GB,Componentes,1,390.00,5,23.70,390.00,394.20,253.29,140.91,35.75,PIX,Concluído,5,5
PED-00299,2026-03-23,2026,03,Centro-Oeste,Goiânia,Loja Física,Felipe,Média Empresa,Cadeira Ergonômica,Móveis,2,1350.00,5,29.02,2700.00,0.00,10.16,-10.16,0.00,PIX,Cancelado,2,
PED-00735,2026-03-23,2026,03,Sudeste,Rio de Janeiro,Loja Física,Felipe,Média Empresa,Webcam Full HD,Acessórios,2,310.00,0,65.38,620.00,685.38,402.88,282.50,41.22,Cartão de Crédito,Concluído,5,5
PED-01060,2026-03-23,2026,03,Centro-Oeste,Goiânia,Site,Eduarda,Pessoa Física,Cadeira Ergonômica,Móveis,1,1350.00,15,58.99,1350.00,0.00,20.65,-20.65,0.00,PIX,Cancelado,11,
PED-01292,2026-03-23,2026,03,Norte,Palmas,Marketplace,Bruno,Pessoa Física,Impressora Wi-Fi,Escritório,5,760.00,5,35.24,3800.00,3645.24,2587.33,1057.91,29.02,PIX,Concluído,12,2
PED-00178,2026-03-25,2026,03,Centro-Oeste,Brasília,Loja Física,Gabriela,Pequena Empresa,Mesa Home Office,Móveis,1,980.00,5,24.00,980.00,955.00,628.40,326.60,34.20,Transferência,Concluído,12,4
PED-00270,2026-03-25,2026,03,Sul,Florianópolis,Marketplace,Carla,Pessoa Física,Mouse Sem Fio,Acessórios,2,145.00,15,41.87,290.00,288.37,178.65,109.72,38.05,Cartão de Crédito,Concluído,5,5
PED-01071,2026-03-25,2026,03,Sul,Curitiba,Loja Física,Bruno,Corporativo,Memória RAM 16 GB,Componentes,1,390.00,15,31.36,390.00,54.43,217.58,-163.15,-299.74,Boleto,Devolvido,8,
PED-01249,2026-03-25,2026,03,Sul,Curitiba,Loja Física,Eduarda,Pessoa Física,Notebook Pro 14,Eletrônicos,2,4200.00,5,63.33,8400.00,8043.33,6322.17,1721.16,21.40,Cartão de Crédito,Concluído,4,4
PED-01395,2026-03-25,2026,03,Sudeste,Belo Horizonte,Site,Ana,Pessoa Física,Mesa Home Office,Móveis,4,980.00,0,21.70,3920.00,3941.70,2487.59,1454.11,36.89,Boleto,Concluído,1,3
PED-00773,2026-03-26,2026,03,Nordeste,Salvador,Marketplace,Carla,Pequena Empresa,Impressora Wi-Fi,Escritório,1,760.00,0,21.90,760.00,0.00,7.66,-7.66,0.00,Boleto,Cancelado,9,
PED-00878,2026-03-26,2026,03,Centro-Oeste,Brasília,Site,Gabriela,Média Empresa,Memória RAM 16 GB,Componentes,3,390.00,0,37.95,1170.00,0.00,13.28,-13.28,0.00,Transferência,Cancelado,11,
PED-01134,2026-03-26,2026,03,Sudeste,São Paulo,Loja Física,Felipe,Pessoa Física,Smartphone Y,Telefonia,3,2150.00,15,47.88,6450.00,5530.38,4756.76,773.62,13.99,Cartão de Crédito,Concluído,5,3
PED-00176,2026-03-27,2026,03,Sul,Porto Alegre,Site,Daniel,Pessoa Física,Smartphone X,Telefonia,1,3200.00,5,30.32,3200.00,460.55,2091.52,-1630.97,-354.14,Transferência,Devolvido,12,
PED-00844,2026-03-27,2026,03,Sudeste,Belo Horizonte,Marketplace,Felipe,Pequena Empresa,Cadeira Ergonômica,Móveis,2,1350.00,15,65.27,2700.00,2360.27,1782.84,577.43,24.46,Transferência,Concluído,1,5
PED-00891,2026-03-27,2026,03,Norte,Belém,Marketplace,Felipe,Média Empresa,Monitor 27,Eletrônicos,2,1450.00,5,16.99,2900.00,2771.99,2045.95,726.04,26.19,Transferência,Concluído,11,4
PED-01216,2026-03-27,2026,03,Sudeste,Belo Horizonte,Site,Henrique,Pequena Empresa,Monitor 24,Eletrônicos,6,920.00,10,20.35,5520.00,748.25,3270.05,-2521.80,-337.03,PIX,Devolvido,6,
PED-01446,2026-03-27,2026,03,Sudeste,Belo Horizonte,Marketplace,Gabriela,Pessoa Física,Notebook Pro 14,Eletrônicos,1,4200.00,10,35.37,4200.00,3815.37,3162.38,652.99,17.11,PIX,Concluído,10,4
PED-00366,2026-03-28,2026,03,Norte,Belém,Site,Felipe,Pessoa Física,Notebook Lite 15,Eletrônicos,3,2850.00,0,70.26,8550.00,8620.26,6474.59,2145.67,24.89,Boleto,Concluído,10,5
PED-00966,2026-03-28,2026,03,Centro-Oeste,Cuiabá,Marketplace,Carla,Pessoa Física,Monitor 24,Eletrônicos,1,920.00,0,6.19,920.00,0.00,2.17,-2.17,0.00,Cartão de Crédito,Cancelado,9,
PED-00069,2026-03-29,2026,03,Norte,Porto Velho,Loja Física,Gabriela,Pequena Empresa,Smartphone Y,Telefonia,2,2150.00,5,94.94,4300.00,4179.94,3193.23,986.71,23.61,Boleto,Concluído,2,3
PED-00611,2026-03-29,2026,03,Sudeste,Campinas,Site,Daniel,Pessoa Física,Notebook Pro 14,Eletrônicos,10,4200.00,15,11.93,42000.00,35711.93,31504.18,4207.75,11.78,PIX,Concluído,10,4
PED-00285,2026-03-30,2026,03,Centro-Oeste,Cuiabá,Loja Física,Daniel,Pequena Empresa,Webcam Full HD,Acessórios,8,310.00,0,16.86,2480.00,374.53,1297.02,-922.49,-246.31,PIX,Devolvido,2,
PED-00322,2026-03-30,2026,03,Sul,Porto Alegre,Loja Física,Henrique,Pequena Empresa,Tablet 10,Telefonia,5,1850.00,15,45.79,9250.00,7908.29,6616.03,1292.26,16.34,PIX,Concluído,2,4
PED-00477,2026-03-31,2026,03,Sul,Florianópolis,Aplicativo,Gabriela,Pessoa Física,Webcam Full HD,Acessórios,1,310.00,15,45.19,310.00,46.30,174.95,-128.65,-277.86,PIX,Devolvido,6,
PED-00927,2026-03-31,2026,03,Nordeste,Fortaleza,Site,Bruno,Pessoa Física,Teclado Mecânico,Acessórios,2,350.00,10,56.85,700.00,686.85,439.90,246.95,35.95,Cartão de Crédito,Concluído,11,4
PED-00563,2026-04-01,2026,04,Sudeste,São Paulo,Loja Física,Felipe,Pessoa Física,Notebook Pro 14,Eletrônicos,4,4200.00,10,76.80,16800.00,15196.80,12626.88,2569.92,16.91,Boleto,Concluído,4,5
PED-00808,2026-04-01,2026,04,Sul,Curitiba,Aplicativo,Eduarda,Pequena Empresa,Impressora Wi-Fi,Escritório,1,760.00,5,7.51,760.00,729.51,517.63,211.88,29.04,PIX,Concluído,12,2
PED-01330,2026-04-01,2026,04,Sudeste,Belo Horizonte,Loja Física,Daniel,Pequena Empresa,Monitor 27,Eletrônicos,2,1450.00,0,40.99,2900.00,2940.99,2054.35,886.64,30.15,PIX,Concluído,2,5
PED-00035,2026-04-02,2026,04,Nordeste,Natal,Marketplace,Daniel,Média Empresa,Mouse Sem Fio,Acessórios,1,145.00,10,46.04,145.00,176.54,98.11,78.43,44.43,Boleto,Concluído,5,4
PED-00401,2026-04-02,2026,04,Sudeste,Rio de Janeiro,Loja Física,Bruno,Corporativo,Smartphone Y,Telefonia,4,2150.00,5,12.52,8600.00,1227.38,5375.72,-4148.34,-337.98,Cartão de Crédito,Devolvido,8,
PED-00427,2026-04-02,2026,04,Centro-Oeste,Goiânia,Loja Física,Ana,Corporativo,Notebook Pro 14,Eletrônicos,3,4200.00,0,66.51,12600.00,12666.51,9473.28,3193.23,25.21,Transferência,Concluído,10,1
PED-00462,2026-04-02,2026,04,Sudeste,Campinas,Loja Física,Gabriela,Média Empresa,Monitor 24,Eletrônicos,1,920.00,15,92.18,920.00,874.18,672.26,201.92,23.10,PIX,Concluído,12,5
PED-00629,2026-04-02,2026,04,Sul,Porto Alegre,Site,Carla,Pequena Empresa,Monitor 27,Eletrônicos,3,1450.00,0,41.31,4350.00,658.70,2613.29,-1954.59,-296.73,PIX,Devolvido,1,
PED-00232,2026-04-03,2026,04,Sudeste,Rio de Janeiro,Loja Física,Felipe,Pessoa Física,Notebook Pro 14,Eletrônicos,1,4200.00,0,36.66,4200.00,635.50,2688.41,-2052.91,-323.04,PIX,Devolvido,7,
PED-00737,2026-04-03,2026,04,Sul,Porto Alegre,Marketplace,Henrique,Corporativo,Monitor 27,Eletrônicos,1,1450.00,10,21.45,1450.00,1326.45,1027.51,298.94,22.54,Boleto,Concluído,5,5
PED-01238,2026-04-03,2026,04,Nordeste,Fortaleza,Marketplace,Daniel,Pessoa Física,Impressora Wi-Fi,Escritório,1,760.00,0,63.75,760.00,823.75,537.31,286.44,34.77,Transferência,Concluído,10,4
PED-01352,2026-04-03,2026,04,Sudeste,Rio de Janeiro,Site,Eduarda,Pessoa Física,Mouse Sem Fio,Acessórios,2,145.00,10,93.79,290.00,354.79,196.83,157.96,44.52,Boleto,Concluído,3,4
PED-00700,2026-04-04,2026,04,Sudeste,Belo Horizonte,Marketplace,Gabriela,Pessoa Física,Teclado Mecânico,Acessórios,3,350.00,10,22.72,1050.00,0.00,7.95,-7.95,0.00,Cartão de Crédito,Cancelado,10,
PED-00953,2026-04-04,2026,04,Nordeste,Salvador,Site,Felipe,Pessoa Física,Monitor 27,Eletrônicos,8,1450.00,5,75.44,11600.00,11095.44,8186.40,2909.04,26.22,Transferência,Concluído,6,2
PED-00241,2026-04-05,2026,04,Norte,Belém,Aplicativo,Daniel,Pessoa Física,Mouse Sem Fio,Acessórios,2,145.00,20,41.36,290.00,41.00,151.71,-110.71,-270.02,Boleto,Devolvido,3,
PED-00158,2026-04-06,2026,04,Sudeste,Rio de Janeiro,Site,Gabriela,Pequena Empresa,Smartphone Y,Telefonia,3,2150.00,15,17.88,6450.00,0.00,6.26,-6.26,0.00,PIX,Cancelado,12,
PED-00712,2026-04-06,2026,04,Sudeste,Rio de Janeiro,Marketplace,Carla,Pequena Empresa,Monitor 27,Eletrônicos,1,1450.00,0,18.16,1450.00,220.22,872.41,-652.19,-296.15,Cartão de Crédito,Devolvido,10,
PED-01067,2026-04-06,2026,04,Nordeste,Fortaleza,Marketplace,Carla,Pessoa Física,Teclado Mecânico,Acessórios,1,350.00,5,46.24,350.00,378.74,226.18,152.56,40.28,PIX,Concluído,12,4
PED-01181,2026-04-06,2026,04,Sul,Londrina,Marketplace,Bruno,Pessoa Física,Notebook Pro 14,Eletrônicos,3,4200.00,5,89.13,12600.00,12059.13,9481.20,2577.93,21.38,PIX,Concluído,7,4
PED-01380,2026-04-06,2026,04,Centro-Oeste,Brasília,Marketplace,Daniel,Pessoa Física,Mesa Home Office,Móveis,1,980.00,10,3.21,980.00,885.21,621.12,264.09,29.83,PIX,Concluído,1,1
PED-00278,2026-04-07,2026,04,Nordeste,Recife,Aplicativo,Ana,Pessoa Física,SSD 1 TB,Componentes,1,510.00,15,79.69,510.00,513.19,372.89,140.30,27.34,PIX,Concluído,9,5
PED-00507,2026-04-07,2026,04,Sudeste,Campinas,Site,Henrique,Pessoa Física,Webcam Full HD,Acessórios,1,310.00,10,65.25,310.00,51.64,180.91,-129.27,-250.33,Transferência,Devolvido,7,
PED-01471,2026-04-07,2026,04,Sudeste,Belo Horizonte,Aplicativo,Gabriela,Pessoa Física,Webcam Full HD,Acessórios,2,310.00,0,32.94,620.00,652.94,391.53,261.41,40.04,PIX,Concluído,2,4
PED-00119,2026-04-08,2026,04,Centro-Oeste,Campo Grande,Aplicativo,Felipe,Pequena Empresa,Mouse Sem Fio,Acessórios,3,145.00,5,27.58,435.00,440.83,255.65,185.18,42.01,PIX,Concluído,3,5
PED-00381,2026-04-08,2026,04,Nordeste,Salvador,Site,Carla,Pessoa Física,Monitor 24,Eletrônicos,1,920.00,0,43.10,920.00,144.47,556.83,-412.36,-285.43,Transferência,Devolvido,4,
PED-00452,2026-04-08,2026,04,Nordeste,Salvador,Site,Henrique,Pessoa Física,Smartphone Y,Telefonia,2,2150.00,0,91.03,4300.00,4391.03,3191.86,1199.17,27.31,Cartão de Crédito,Concluído,2,3
PED-01462,2026-04-08,2026,04,Sul,Florianópolis,Loja Física,Eduarda,Média Empresa,Monitor 24,Eletrônicos,1,920.00,5,9.39,920.00,883.39,643.29,240.10,27.18,PIX,Concluído,4,4
PED-00358,2026-04-09,2026,04,Norte,Manaus,Loja Física,Eduarda,Pequena Empresa,SSD 1 TB,Componentes,2,510.00,20,28.67,1020.00,844.67,700.03,144.64,17.12,Boleto,Concluído,4,3
PED-00748,2026-04-09,2026,04,Nordeste,Fortaleza,Loja Física,Eduarda,Pessoa Física,Memória RAM 16 GB,Componentes,1,390.00,5,67.46,390.00,0.00,23.61,-23.61,0.00,Transferência,Cancelado,11,
PED-01128,2026-04-09,2026,04,Centro-Oeste,Goiânia,Aplicativo,Gabriela,Pessoa Física,Mouse Sem Fio,Acessórios,4,145.00,5,29.99,580.00,0.00,10.50,-10.50,0.00,Cartão de Crédito,Cancelado,4,
PED-01354,2026-04-09,2026,04,Sudeste,Campinas,Site,Ana,Pessoa Física,Impressora Wi-Fi,Escritório,3,760.00,10,47.09,2280.00,0.00,16.48,-16.48,0.00,PIX,Cancelado,6,
PED-00415,2026-04-10,2026,04,Sul,Florianópolis,Marketplace,Eduarda,Pessoa Física,Memória RAM 16 GB,Componentes,1,390.00,15,71.20,390.00,60.40,229.43,-169.03,-279.85,Boleto,Devolvido,10,
PED-00502,2026-04-10,2026,04,Nordeste,Recife,Loja Física,Carla,Pessoa Física,Notebook Pro 14,Eletrônicos,1,4200.00,5,54.70,4200.00,4044.70,3169.14,875.56,21.65,PIX,Concluído,3,3
PED-00566,2026-04-10,2026,04,Norte,Manaus,Aplicativo,Felipe,Pessoa Física,Notebook Pro 14,Eletrônicos,10,4200.00,0,64.62,42000.00,42064.62,31522.62,10542.00,25.06,Cartão de Crédito,Concluído,8,4
PED-00572,2026-04-10,2026,04,Sul,Londrina,Aplicativo,Bruno,Pessoa Física,Tablet 10,Telefonia,6,1850.00,10,43.14,11100.00,10033.14,7935.10,2098.04,20.91,Cartão de Crédito,Concluído,10,3
PED-00721,2026-04-10,2026,04,Sudeste,Rio de Janeiro,Site,Daniel,Pequena Empresa,Smartphone Y,Telefonia,4,2150.00,5,24.75,8600.00,8194.75,6328.66,1866.09,22.77,PIX,Concluído,5,2
PED-00904,2026-04-10,2026,04,Centro-Oeste,Campo Grande,Marketplace,Ana,Pequena Empresa,Impressora Wi-Fi,Escritório,2,760.00,0,30.63,1520.00,1550.63,1040.72,509.91,32.88,Boleto,Concluído,5,5
PED-01476,2026-04-10,2026,04,Sul,Porto Alegre,Marketplace,Daniel,Corporativo,Monitor 27,Eletrônicos,2,1450.00,10,4.27,2900.00,2614.27,2041.49,572.78,21.91,Cartão de Crédito,Concluído,7,3
PED-01478,2026-04-10,2026,04,Centro-Oeste,Brasília,Marketplace,Daniel,Pessoa Física,Teclado Mecânico,Acessórios,8,350.00,15,91.19,2800.00,2471.19,1711.92,759.27,30.72,Boleto,Concluído,2,5
PED-00321,2026-04-11,2026,04,Sul,Florianópolis,Site,Bruno,Pessoa Física,Tablet 10,Telefonia,2,1850.00,5,11.12,3700.00,0.00,3.89,-3.89,0.00,Boleto,Cancelado,5,
PED-00523,2026-04-11,2026,04,Nordeste,Fortaleza,Site,Carla,Pessoa Física,SSD 1 TB,Componentes,1,510.00,20,24.64,510.00,64.90,300.58,-235.68,-363.14,Transferência,Devolvido,2,
PED-00928,2026-04-11,2026,04,Sudeste,Belo Horizonte,Aplicativo,Ana,Pessoa Física,Teclado Mecânico,Acessórios,5,350.00,0,44.32,1750.00,0.00,15.51,-15.51,0.00,Transferência,Cancelado,3,
PED-01406,2026-04-11,2026,04,Centro-Oeste,Campo Grande,Site,Ana,Pequena Empresa,Notebook Lite 15,Eletrônicos,6,2850.00,10,33.49,17100.00,0.00,11.72,-11.72,0.00,Boleto,Cancelado,10,
PED-00261,2026-04-12,2026,04,Sul,Porto Alegre,Site,Henrique,Pessoa Física,Smartphone X,Telefonia,1,3200.00,20,87.23,3200.00,2647.23,2480.53,166.70,6.30,PIX,Concluído,1,3
PED-00402,2026-04-12,2026,04,Nordeste,Natal,Marketplace,Daniel,Pessoa Física,Mesa Home Office,Móveis,5,980.00,0,34.53,4900.00,4934.53,3112.09,1822.44,36.93,Boleto,Concluído,12,5
PED-00269,2026-04-13,2026,04,Centro-Oeste,Campo Grande,Loja Física,Carla,Pessoa Física,Cadeira Ergonômica,Móveis,3,1350.00,0,89.53,4050.00,4139.53,2671.34,1468.19,35.47,Transferência,Concluído,2,4
PED-00275,2026-04-13,2026,04,Sudeste,São Paulo,Loja Física,Henrique,Pessoa Física,Smartphone X,Telefonia,4,3200.00,10,68.08,12800.00,11588.08,9823.83,1764.25,15.22,Cartão de Crédito,Concluído,12,4
PED-00920,2026-04-13,2026,04,Nordeste,Fortaleza,Loja Física,Eduarda,Pessoa Física,Monitor 27,Eletrônicos,2,1450.00,10,91.65,2900.00,2701.65,2072.08,629.57,23.30,Transferência,Concluído,2,3
PED-01191,2026-04-13,2026,04,Sudeste,São Paulo,Site,Carla,Pequena Empresa,Notebook Lite 15,Eletrônicos,1,2850.00,5,23.86,2850.00,0.00,8.35,-8.35,0.00,Transferência,Cancelado,7,
PED-01328,2026-04-13,2026,04,Nordeste,Natal,Site,Carla,Pessoa Física,Smartphone X,Telefonia,2,3200.00,10,40.23,6400.00,5800.23,4914.08,886.15,15.28,PIX,Concluído,7,2
PED-01339,2026-04-13,2026,04,Sudeste,São Paulo,Marketplace,Daniel,Pessoa Física,SSD 1 TB,Componentes,1,510.00,0,15.38,510.00,0.00,5.38,-5.38,0.00,Transferência,Cancelado,2,
PED-01398,2026-04-13,2026,04,Norte,Manaus,Marketplace,Gabriela,Pessoa Física,Smartphone Y,Telefonia,2,2150.00,10,71.34,4300.00,3941.34,3184.97,756.37,19.19,Cartão de Crédito,Concluído,4,5
PED-00455,2026-04-14,2026,04,Sul,Florianópolis,Site,Eduarda,Pessoa Física,Mesa Home Office,Móveis,2,980.00,0,80.32,1960.00,2040.32,1268.11,772.21,37.85,PIX,Concluído,6,4
PED-00513,2026-04-14,2026,04,Sudeste,Rio de Janeiro,Site,Bruno,Pessoa Física,Memória RAM 16 GB,Componentes,1,390.00,15,71.24,390.00,402.74,269.93,132.81,32.98,PIX,Concluído,10,5
PED-00597,2026-04-14,2026,04,Centro-Oeste,Goiânia,Loja Física,Bruno,Pessoa Física,Tablet 10,Telefonia,6,1850.00,0,82.70,11100.00,11182.70,7948.94,3233.76,28.92,Cartão de Crédito,Concluído,11,4
PED-00653,2026-04-14,2026,04,Sul,Florianópolis,Loja Física,Eduarda,Pessoa Física,Mouse Sem Fio,Acessórios,2,145.00,20,83.73,290.00,315.73,193.31,122.42,38.77,Cartão de Crédito,Concluído,5,5
PED-01291,2026-04-14,2026,04,Centro-Oeste,Brasília,Site,Eduarda,Corporativo,Tablet 10,Telefonia,8,1850.00,10,41.57,14800.00,13361.57,10574.55,2787.02,20.86,Cartão de Crédito,Concluído,6,1
PED-00007,2026-04-15,2026,04,Sudeste,Rio de Janeiro,Loja Física,Eduarda,Pequena Empresa,Teclado Mecânico,Acessórios,2,350.00,10,34.39,700.00,664.39,432.04,232.35,34.97,Cartão de Crédito,Concluído,9,4
PED-00216,2026-04-15,2026,04,Sul,Porto Alegre,Loja Física,Gabriela,Pessoa Física,Monitor 24,Eletrônicos,2,920.00,5,91.60,1840.00,1839.60,1312.06,527.54,28.68,Boleto,Concluído,5,3
PED-01114,2026-04-15,2026,04,Sudeste,São Paulo,Aplicativo,Carla,Pessoa Física,Mesa Home Office,Móveis,1,980.00,10,44.96,980.00,0.00,15.74,-15.74,0.00,Transferência,Cancelado,2,
PED-00044,2026-04-16,2026,04,Sul,Florianópolis,Marketplace,Henrique,Pessoa Física,Teclado Mecânico,Acessórios,4,350.00,10,30.62,1400.00,1290.62,850.72,439.90,34.08,Transferência,Concluído,2,3
PED-00163,2026-04-17,2026,04,Nordeste,Fortaleza,Site,Henrique,Pessoa Física,Mouse Sem Fio,Acessórios,5,145.00,20,90.94,725.00,0.00,31.83,-31.83,0.00,Cartão de Crédito,Cancelado,1,
PED-00596,2026-04-17,2026,04,Sul,Curitiba,Site,Henrique,Pessoa Física,SSD 1 TB,Componentes,4,510.00,15,37.15,2040.00,1771.15,1393.00,378.15,21.35,Transferência,Concluído,7,3
PED-00851,2026-04-17,2026,04,Nordeste,Recife,Aplicativo,Eduarda,Pessoa Física,Notebook Pro 14,Eletrônicos,1,4200.00,15,41.47,4200.00,541.72,2689.83,-2148.11,-396.54,PIX,Devolvido,4,
PED-01288,2026-04-18,2026,04,Sudeste,São Paulo,Aplicativo,Henrique,Pequena Empresa,Impressora Wi-Fi,Escritório,1,760.00,5,77.69,760.00,799.69,542.19,257.50,32.20,Cartão de Crédito,Concluído,6,4
PED-01474,2026-04-18,2026,04,Nordeste,Recife,Site,Eduarda,Pessoa Física,Smartphone X,Telefonia,1,3200.00,20,91.52,3200.00,2651.52,2482.03,169.49,6.39,Cartão de Crédito,Concluído,4,5
PED-00393,2026-04-19,2026,04,Norte,Manaus,Loja Física,Eduarda,Pessoa Física,Impressora Wi-Fi,Escritório,3,760.00,10,1.78,2280.00,0.00,0.62,-0.62,0.00,Boleto,Cancelado,11,
PED-00599,2026-04-19,2026,04,Sudeste,Campinas,Marketplace,Gabriela,Média Empresa,Notebook Pro 14,Eletrônicos,2,4200.00,0,10.89,8400.00,8410.89,6303.81,2107.08,25.05,Transferência,Concluído,6,5
PED-00759,2026-04-19,2026,04,Centro-Oeste,Brasília,Site,Bruno,Pessoa Física,SSD 1 TB,Componentes,1,510.00,0,45.74,510.00,555.74,361.01,194.73,35.04,Cartão de Crédito,Concluído,1,3
PED-00465,2026-04-20,2026,04,Sudeste,São Paulo,Site,Eduarda,Corporativo,Webcam Full HD,Acessórios,4,310.00,5,62.11,1240.00,1240.11,781.74,458.37,36.96,PIX,Concluído,7,3
PED-01068,2026-04-20,2026,04,Sudeste,São Paulo,Site,Carla,Média Empresa,Teclado Mecânico,Acessórios,6,350.00,0,5.05,2100.00,2105.05,1261.77,843.28,40.06,Transferência,Concluído,7,5
PED-01251,2026-04-20,2026,04,Sul,Londrina,Loja Física,Ana,Pessoa Física,Tablet 10,Telefonia,2,1850.00,0,11.20,3700.00,3711.20,2643.92,1067.28,28.76,Boleto,Concluído,10,4
PED-00075,2026-04-21,2026,04,Nordeste,Salvador,Site,Ana,Pessoa Física,Mesa Home Office,Móveis,2,980.00,0,84.29,1960.00,2044.29,1269.50,774.79,37.90,Transferência,Concluído,7,4
PED-00448,2026-04-21,2026,04,Centro-Oeste,Brasília,Marketplace,Felipe,Pessoa Física,Notebook Pro 14,Eletrônicos,1,4200.00,10,66.32,4200.00,0.00,23.21,-23.21,0.00,PIX,Cancelado,9,
PED-00577,2026-04-23,2026,04,Sudeste,Belo Horizonte,Loja Física,Gabriela,Pessoa Física,Headset USB,Acessórios,1,260.00,20,34.47,260.00,242.47,167.06,75.41,31.10,Cartão de Crédito,Concluído,6,2
PED-00073,2026-04-25,2026,04,Sudeste,Rio de Janeiro,Aplicativo,Gabriela,Corporativo,Monitor 24,Eletrônicos,4,920.00,5,75.11,3680.00,3571.11,2586.29,984.82,27.58,Transferência,Concluído,5,4
PED-00695,2026-04-25,2026,04,Sudeste,Campinas,Loja Física,Carla,Pessoa Física,Memória RAM 16 GB,Componentes,2,390.00,5,25.64,780.00,766.64,498.97,267.67,34.91,Boleto,Concluído,2,4
PED-00903,2026-04-25,2026,04,Nordeste,Natal,Loja Física,Henrique,Pessoa Física,Headset USB,Acessórios,5,260.00,10,61.79,1300.00,1231.79,796.63,435.16,35.33,Boleto,Concluído,3,5
PED-00065,2026-04-26,2026,04,Sudeste,Campinas,Loja Física,Felipe,Média Empresa,Cadeira Ergonômica,Móveis,5,1350.00,5,30.08,6750.00,966.39,3748.95,-2782.56,-287.93,Cartão de Crédito,Devolvido,8,
PED-01044,2026-04-26,2026,04,Sudeste,Campinas,Aplicativo,Bruno,Pessoa Física,Smartphone X,Telefonia,1,3200.00,0,27.45,3200.00,0.00,9.61,-9.61,0.00,Boleto,Cancelado,4,
PED-00484,2026-04-27,2026,04,Sul,Porto Alegre,Marketplace,Gabriela,Pessoa Física,Memória RAM 16 GB,Componentes,2,390.00,5,64.27,780.00,805.27,512.49,292.78,36.36,Cartão de Crédito,Concluído,6,2
PED-01144,2026-04-27,2026,04,Sudeste,Belo Horizonte,Aplicativo,Ana,Pequena Empresa,Tablet 10,Telefonia,3,1850.00,5,52.83,5550.00,0.00,18.49,-18.49,0.00,PIX,Cancelado,9,
PED-01422,2026-04-28,2026,04,Sudeste,Campinas,Marketplace,Eduarda,Pessoa Física,SSD 1 TB,Componentes,2,510.00,10,48.80,1020.00,966.80,707.08,259.72,26.86,Cartão de Crédito,Concluído,2,5
PED-00994,2026-04-29,2026,04,Sudeste,Rio de Janeiro,Site,Gabriela,Pessoa Física,Teclado Mecânico,Acessórios,4,350.00,15,26.38,1400.00,1216.38,849.23,367.15,30.18,Transferência,Concluído,8,5
PED-01295,2026-04-29,2026,04,Nordeste,Salvador,Site,Felipe,Média Empresa,Memória RAM 16 GB,Componentes,2,390.00,5,80.17,780.00,0.00,28.06,-28.06,0.00,Transferência,Cancelado,8,
PED-01308,2026-04-29,2026,04,Sudeste,São Paulo,Aplicativo,Carla,Corporativo,Monitor 27,Eletrônicos,1,1450.00,5,51.15,1450.00,1428.65,1037.90,390.75,27.35,Cartão de Crédito,Concluído,12,5
PED-00330,2026-04-30,2026,04,Sudeste,Campinas,Site,Felipe,Pequena Empresa,Notebook Pro 14,Eletrônicos,1,4200.00,10,53.94,4200.00,3833.94,3168.88,665.06,17.35,Cartão de Crédito,Concluído,2,5
PED-00637,2026-04-30,2026,04,Nordeste,Natal,Site,Eduarda,Pessoa Física,Smartphone Y,Telefonia,6,2150.00,10,52.06,12900.00,11662.06,9498.22,2163.84,18.55,Cartão de Crédito,Concluído,3,4
PED-01029,2026-04-30,2026,04,Nordeste,Salvador,Marketplace,Felipe,Corporativo,Tablet 10,Telefonia,3,1850.00,20,36.10,5550.00,4476.10,3972.64,503.46,11.25,Cartão de Crédito,Concluído,2,4
PED-00134,2026-05-01,2026,05,Norte,Belém,Loja Física,Henrique,Pessoa Física,Cadeira Ergonômica,Móveis,3,1350.00,10,79.91,4050.00,3724.91,2667.97,1056.94,28.37,Cartão de Crédito,Concluído,11,3
PED-00834,2026-05-01,2026,05,Sudeste,Belo Horizonte,Marketplace,Daniel,Corporativo,Smartphone Y,Telefonia,6,2150.00,15,67.58,12900.00,11032.58,9503.65,1528.93,13.86,Boleto,Concluído,9,4
PED-01271,2026-05-01,2026,05,Sudeste,Belo Horizonte,Marketplace,Gabriela,Pessoa Física,Mesa Home Office,Móveis,1,980.00,0,93.43,980.00,1073.43,652.70,420.73,39.19,Boleto,Concluído,6,5
PED-00882,2026-05-02,2026,05,Nordeste,Recife,Loja Física,Carla,Pessoa Física,SSD 1 TB,Componentes,1,510.00,5,60.49,510.00,544.99,366.17,178.82,32.81,PIX,Concluído,4,4
PED-01039,2026-05-02,2026,05,Sul,Curitiba,Site,Bruno,Pessoa Física,Memória RAM 16 GB,Componentes,1,390.00,5,81.81,390.00,452.31,273.63,178.68,39.50,Cartão de Crédito,Concluído,8,4
PED-00080,2026-05-03,2026,05,Nordeste,Salvador,Marketplace,Daniel,Corporativo,SSD 1 TB,Componentes,1,510.00,10,82.36,510.00,0.00,28.83,-28.83,0.00,Transferência,Cancelado,5,
PED-00097,2026-05-03,2026,05,Norte,Palmas,Site,Felipe,Corporativo,Teclado Mecânico,Acessórios,1,350.00,10,3.72,350.00,47.81,179.61,-131.80,-275.67,Transferência,Devolvido,8,
PED-00141,2026-05-03,2026,05,Nordeste,Fortaleza,Site,Ana,Média Empresa,Memória RAM 16 GB,Componentes,1,390.00,10,50.84,390.00,60.28,223.37,-163.09,-270.55,PIX,Devolvido,1,
PED-00337,2026-05-03,2026,05,Norte,Porto Velho,Marketplace,Carla,Corporativo,SSD 1 TB,Componentes,3,510.00,0,56.77,1530.00,238.02,896.64,-658.62,-276.71,Transferência,Devolvido,12,
PED-00480,2026-05-03,2026,05,Norte,Porto Velho,Site,Henrique,Pessoa Física,Tablet 10,Telefonia,1,1850.00,5,59.70,1850.00,1817.20,1340.89,476.31,26.21,Cartão de Crédito,Concluído,1,2
PED-00561,2026-05-03,2026,05,Centro-Oeste,Goiânia,Marketplace,Henrique,Pequena Empresa,Notebook Pro 14,Eletrônicos,2,4200.00,10,61.66,8400.00,7621.66,6321.58,1300.08,17.06,Transferência,Concluído,9,2
PED-00867,2026-05-03,2026,05,Sudeste,Belo Horizonte,Site,Henrique,Pessoa Física,Notebook Pro 14,Eletrônicos,5,4200.00,5,50.56,21000.00,20000.56,15767.70,4232.86,21.16,Transferência,Concluído,11,4
PED-00987,2026-05-03,2026,05,Nordeste,Natal,Marketplace,Carla,Pessoa Física,Headset USB,Acessórios,3,260.00,10,81.79,780.00,783.79,493.63,290.16,37.02,Cartão de Crédito,Concluído,3,4
PED-01017,2026-05-03,2026,05,Sudeste,São Paulo,Loja Física,Henrique,Média Empresa,Mouse Sem Fio,Acessórios,2,145.00,10,25.66,290.00,43.00,147.03,-104.03,-241.93,Transferência,Devolvido,10,
PED-01371,2026-05-03,2026,05,Sudeste,Belo Horizonte,Marketplace,Carla,Corporativo,Notebook Lite 15,Eletrônicos,3,2850.00,5,40.67,8550.00,1224.48,5494.60,-4270.12,-348.73,Cartão de Crédito,Devolvido,5,
PED-00652,2026-05-04,2026,05,Sudeste,Rio de Janeiro,Loja Física,Carla,Pessoa Física,Teclado Mecânico,Acessórios,3,350.00,0,68.91,1050.00,1118.91,654.12,464.79,41.54,Transferência,Concluído,12,5
PED-00327,2026-05-05,2026,05,Sul,Londrina,Aplicativo,Carla,Pessoa Física,Notebook Lite 15,Eletrônicos,1,2850.00,5,29.99,2850.00,2737.49,2160.50,576.99,21.08,Transferência,Concluído,1,5
PED-00428,2026-05-05,2026,05,Sudeste,São Paulo,Marketplace,Ana,Pessoa Física,Impressora Wi-Fi,Escritório,3,760.00,10,11.51,2280.00,0.00,4.03,-4.03,0.00,Boleto,Cancelado,6,
PED-01037,2026-05-05,2026,05,Norte,Belém,Marketplace,Bruno,Pessoa Física,Monitor 24,Eletrônicos,1,920.00,0,12.66,920.00,139.90,547.77,-407.87,-291.54,Cartão de Crédito,Devolvido,7,
PED-00159,2026-05-06,2026,05,Centro-Oeste,Cuiabá,Site,Ana,Pessoa Física,Headset USB,Acessórios,1,260.00,10,70.95,260.00,304.95,179.83,125.12,41.03,PIX,Concluído,4,5
PED-00307,2026-05-06,2026,05,Sudeste,Rio de Janeiro,Loja Física,Gabriela,Pessoa Física,Memória RAM 16 GB,Componentes,1,390.00,10,15.31,390.00,54.95,212.81,-157.86,-287.28,Cartão de Crédito,Devolvido,9,
PED-00782,2026-05-06,2026,05,Nordeste,Salvador,Site,Daniel,Pessoa Física,Monitor 27,Eletrônicos,3,1450.00,5,86.93,4350.00,4219.43,3090.43,1129.00,26.76,Boleto,Concluído,8,5
PED-01233,2026-05-07,2026,05,Sudeste,Belo Horizonte,Marketplace,Ana,Pessoa Física,Monitor 27,Eletrônicos,2,1450.00,10,75.74,2900.00,0.00,26.51,-26.51,0.00,Cartão de Crédito,Cancelado,2,
PED-00813,2026-05-08,2026,05,Sudeste,São Paulo,Aplicativo,Eduarda,Pessoa Física,Mesa Home Office,Móveis,2,980.00,0,40.36,1960.00,2000.36,1254.13,746.23,37.30,Cartão de Crédito,Concluído,8,5
PED-00779,2026-05-09,2026,05,Sudeste,Campinas,Loja Física,Gabriela,Pequena Empresa,Notebook Lite 15,Eletrônicos,2,2850.00,0,11.21,5700.00,0.00,3.92,-3.92,0.00,Boleto,Cancelado,6,
PED-00061,2026-05-10,2026,05,Sudeste,Rio de Janeiro,Marketplace,Carla,Média Empresa,Memória RAM 16 GB,Componentes,1,390.00,15,39.42,390.00,0.00,13.80,-13.80,0.00,Cartão de Crédito,Cancelado,5,
PED-01001,2026-05-10,2026,05,Nordeste,Fortaleza,Marketplace,Felipe,Pequena Empresa,Teclado Mecânico,Acessórios,2,350.00,15,61.35,700.00,0.00,21.47,-21.47,0.00,Cartão de Crédito,Cancelado,10,
PED-00137,2026-05-11,2026,05,Norte,Porto Velho,Marketplace,Daniel,Corporativo,Headset USB,Acessórios,10,260.00,10,66.97,2600.00,361.05,1337.42,-976.37,-270.43,Transferência,Devolvido,12,
PED-00303,2026-05-11,2026,05,Sudeste,Campinas,Site,Eduarda,Pessoa Física,Smartphone Y,Telefonia,1,2150.00,0,86.23,2150.00,2236.23,1610.18,626.05,28.00,Transferência,Concluído,7,4
PED-00389,2026-05-11,2026,05,Sul,Florianópolis,Site,Felipe,Corporativo,Mesa Home Office,Móveis,3,980.00,5,69.27,2940.00,2862.27,1884.24,978.03,34.17,PIX,Concluído,8,5
PED-00697,2026-05-11,2026,05,Sudeste,São Paulo,Aplicativo,Ana,Corporativo,Notebook Lite 15,Eletrônicos,4,2850.00,20,47.52,11400.00,9167.52,8616.63,550.89,6.01,PIX,Concluído,7,5
PED-01359,2026-05-11,2026,05,Nordeste,Salvador,Site,Felipe,Pessoa Física,Mouse Sem Fio,Acessórios,4,145.00,0,40.42,580.00,0.00,14.15,-14.15,0.00,PIX,Cancelado,5,
PED-00527,2026-05-12,2026,05,Sudeste,Campinas,Marketplace,Daniel,Pessoa Física,Memória RAM 16 GB,Componentes,4,390.00,5,31.72,1560.00,1513.72,991.10,522.62,34.53,Transferência,Concluído,11,5
PED-00600,2026-05-12,2026,05,Sudeste,Rio de Janeiro,Loja Física,Henrique,Pessoa Física,SSD 1 TB,Componentes,4,510.00,15,16.21,2040.00,1750.21,1385.67,364.54,20.83,Boleto,Concluído,10,3
PED-00884,2026-05-12,2026,05,Centro-Oeste,Campo Grande,Site,Gabriela,Pessoa Física,Mouse Sem Fio,Acessórios,6,145.00,5,29.38,870.00,855.88,502.28,353.60,41.31,Cartão de Crédito,Concluído,3,3
PED-01053,2026-05-13,2026,05,Sudeste,Campinas,Site,Henrique,Pequena Empresa,Monitor 27,Eletrônicos,5,1450.00,15,26.55,7250.00,6189.05,5109.29,1079.76,17.45,Transferência,Concluído,4,5
PED-01116,2026-05-13,2026,05,Sudeste,Rio de Janeiro,Site,Felipe,Pessoa Física,Tablet 10,Telefonia,3,1850.00,0,62.54,5550.00,5612.54,3981.89,1630.65,29.05,Cartão de Crédito,Concluído,12,4
PED-00753,2026-05-14,2026,05,Sudeste,Belo Horizonte,Site,Ana,Pessoa Física,Mesa Home Office,Móveis,4,980.00,0,46.39,3920.00,3966.39,2496.24,1470.15,37.07,Cartão de Crédito,Concluído,7,4
PED-00038,2026-05-15,2026,05,Sudeste,Campinas,Site,Felipe,Pequena Empresa,Webcam Full HD,Acessórios,4,310.00,10,79.85,1240.00,1195.85,787.95,407.90,34.11,Transferência,Concluído,10,4
PED-00165,2026-05-15,2026,05,Sudeste,Campinas,Site,Eduarda,Pessoa Física,Notebook Pro 14,Eletrônicos,1,4200.00,5,66.30,4200.00,4056.30,3173.20,883.10,21.77,Cartão de Crédito,Concluído,3,3
PED-01298,2026-05-15,2026,05,Sudeste,Rio de Janeiro,Loja Física,Bruno,Pessoa Física,Mesa Home Office,Móveis,4,980.00,10,13.74,3920.00,3541.74,2484.81,1056.93,29.84,Transferência,Concluído,10,5
PED-00431,2026-05-16,2026,05,Sudeste,Belo Horizonte,Marketplace,Henrique,Corporativo,Tablet 10,Telefonia,1,1850.00,5,32.08,1850.00,268.44,1131.55,-863.11,-321.53,Transferência,Devolvido,1,
PED-01020,2026-05-16,2026,05,Nordeste,Salvador,Site,Bruno,Pequena Empresa,Webcam Full HD,Acessórios,2,310.00,5,15.57,620.00,90.69,327.63,-236.94,-261.26,PIX,Devolvido,6,
PED-00378,2026-05-17,2026,05,Centro-Oeste,Goiânia,Marketplace,Ana,Pequena Empresa,Smartphone X,Telefonia,4,3200.00,10,37.44,12800.00,1733.62,8341.14,-6607.52,-381.14,Cartão de Crédito,Devolvido,10,
PED-00981,2026-05-17,2026,05,Centro-Oeste,Brasília,Loja Física,Eduarda,Pessoa Física,Smartphone X,Telefonia,10,3200.00,5,25.92,32000.00,4563.89,20832.71,-16268.82,-356.47,Cartão de Crédito,Devolvido,8,
PED-00171,2026-05-18,2026,05,Sudeste,Campinas,Marketplace,Gabriela,Pessoa Física,Webcam Full HD,Acessórios,3,310.00,15,67.75,930.00,858.25,593.71,264.54,30.82,PIX,Concluído,5,3
PED-00461,2026-05-18,2026,05,Sul,Curitiba,Aplicativo,Felipe,Pessoa Física,Smartphone X,Telefonia,3,3200.00,5,36.68,9600.00,9156.68,7362.84,1793.84,19.59,Boleto,Concluído,5,4
PED-00838,2026-05-18,2026,05,Sul,Curitiba,Site,Ana,Pequena Empresa,Mouse Sem Fio,Acessórios,3,145.00,10,16.81,435.00,408.31,251.88,156.43,38.31,Cartão de Crédito,Concluído,2,4
PED-00057,2026-05-19,2026,05,Sul,Londrina,Site,Bruno,Média Empresa,Monitor 24,Eletrônicos,1,920.00,10,27.38,920.00,855.38,649.58,205.80,24.06,Cartão de Crédito,Concluído,9,2
PED-00501,2026-05-19,2026,05,Nordeste,Fortaleza,Loja Física,Bruno,Média Empresa,Memória RAM 16 GB,Componentes,3,390.00,5,33.43,1170.00,0.00,11.70,-11.70,0.00,Boleto,Cancelado,12,
PED-01074,2026-05-21,2026,05,Sudeste,Campinas,Loja Física,Felipe,Pequena Empresa,Monitor 27,Eletrônicos,8,1450.00,15,90.79,11600.00,9950.79,8191.78,1759.01,17.68,Boleto,Concluído,10,4
PED-00800,2026-05-22,2026,05,Centro-Oeste,Campo Grande,Site,Bruno,Pessoa Física,Headset USB,Acessórios,4,260.00,10,44.64,1040.00,980.64,635.62,345.02,35.18,Transferência,Concluído,3,5
PED-00190,2026-05-23,2026,05,Sul,Florianópolis,Loja Física,Felipe,Pessoa Física,Monitor 27,Eletrônicos,4,1450.00,10,41.93,5800.00,5261.93,4094.68,1167.25,22.18,PIX,Concluído,7,3
PED-01026,2026-05-23,2026,05,Centro-Oeste,Cuiabá,Site,Gabriela,Pessoa Física,Teclado Mecânico,Acessórios,1,350.00,10,90.40,350.00,405.40,241.64,163.76,40.39,Boleto,Concluído,1,1
PED-00114,2026-05-24,2026,05,Sudeste,Belo Horizonte,Loja Física,Gabriela,Pessoa Física,Memória RAM 16 GB,Componentes,3,390.00,15,51.82,1170.00,1046.32,753.14,293.18,28.02,Boleto,Concluído,2,2
PED-01083,2026-05-24,2026,05,Nordeste,Salvador,Marketplace,Felipe,Pequena Empresa,Webcam Full HD,Acessórios,3,310.00,15,34.08,930.00,0.00,11.93,-11.93,0.00,Boleto,Cancelado,5,
PED-00125,2026-05-25,2026,05,Nordeste,Fortaleza,Marketplace,Gabriela,Pessoa Física,Mesa Home Office,Móveis,1,980.00,0,41.76,980.00,1021.76,634.62,387.14,37.89,PIX,Concluído,8,3
PED-01364,2026-05-25,2026,05,Nordeste,Recife,Loja Física,Daniel,Pessoa Física,Monitor 27,Eletrônicos,1,1450.00,5,14.82,1450.00,1392.32,1025.19,367.13,26.37,PIX,Concluído,6,5
PED-00343,2026-05-26,2026,05,Sul,Curitiba,Site,Carla,Pessoa Física,Smartphone Y,Telefonia,4,2150.00,0,44.66,8600.00,8644.66,6335.63,2309.03,26.71,Cartão de Crédito,Concluído,5,5
PED-00118,2026-05-27,2026,05,Centro-Oeste,Brasília,Site,Eduarda,Pequena Empresa,Tablet 10,Telefonia,1,1850.00,10,65.93,1850.00,1730.93,1343.08,387.85,22.41,Cartão de Crédito,Concluído,4,3
PED-00210,2026-05-27,2026,05,Sudeste,Belo Horizonte,Loja Física,Bruno,Pessoa Física,Mouse Sem Fio,Acessórios,2,145.00,0,81.98,290.00,371.98,192.69,179.29,48.20,Transferência,Concluído,1,4
PED-00825,2026-05-27,2026,05,Norte,Belém,Site,Henrique,Pessoa Física,Smartphone X,Telefonia,5,3200.00,20,7.74,16000.00,12807.74,12252.71,555.03,4.33,Transferência,Concluído,7,5
PED-00855,2026-05-27,2026,05,Sudeste,Belo Horizonte,Marketplace,Felipe,Pessoa Física,Headset USB,Acessórios,1,260.00,0,29.55,260.00,43.43,140.54,-97.11,-223.60,Cartão de Crédito,Devolvido,8,
PED-01349,2026-05-27,2026,05,Nordeste,Natal,Marketplace,Eduarda,Pequena Empresa,Smartphone X,Telefonia,6,3200.00,15,31.87,19200.00,16351.87,14711.15,1640.72,10.03,Transferência,Concluído,6,5
PED-00170,2026-05-28,2026,05,Sudeste,Campinas,Site,Bruno,Pessoa Física,Smartphone Y,Telefonia,4,2150.00,20,37.69,8600.00,6917.69,6333.19,584.50,8.45,Transferência,Concluído,1,5
PED-00474,2026-05-28,2026,05,Sul,Curitiba,Site,Ana,Pessoa Física,Webcam Full HD,Acessórios,3,310.00,20,16.32,930.00,0.00,5.71,-5.71,0.00,Cartão de Crédito,Cancelado,1,
PED-01426,2026-05-29,2026,05,Nordeste,Recife,Site,Henrique,Pessoa Física,Tablet 10,Telefonia,3,1850.00,5,60.32,5550.00,799.92,3383.94,-2584.02,-323.03,Transferência,Devolvido,9,
PED-00018,2026-05-30,2026,05,Sudeste,São Paulo,Aplicativo,Bruno,Pequena Empresa,Mouse Sem Fio,Acessórios,3,145.00,0,11.39,435.00,0.00,3.99,-3.99,0.00,Cartão de Crédito,Cancelado,4,
PED-00858,2026-05-30,2026,05,Nordeste,Fortaleza,Loja Física,Felipe,Pessoa Física,Smartphone Y,Telefonia,1,2150.00,5,72.16,2150.00,317.20,1364.47,-1047.27,-330.16,PIX,Devolvido,2,
PED-01442,2026-05-30,2026,05,Centro-Oeste,Brasília,Loja Física,Henrique,Pessoa Física,Memória RAM 16 GB,Componentes,5,390.00,15,2.97,1950.00,249.07,1042.13,-793.06,-318.41,Transferência,Devolvido,4,
PED-00608,2026-05-31,2026,05,Sudeste,São Paulo,Site,Gabriela,Pequena Empresa,Notebook Pro 14,Eletrônicos,3,4200.00,0,35.58,12600.00,12635.58,9462.45,3173.13,25.11,PIX,Concluído,4,3
PED-00674,2026-05-31,2026,05,Sudeste,Rio de Janeiro,Site,Eduarda,Pessoa Física,Cadeira Ergonômica,Móveis,1,1350.00,0,22.63,1350.00,1372.63,887.92,484.71,35.31,Boleto,Concluído,11,3
PED-00693,2026-05-31,2026,05,Sudeste,Campinas,Loja Física,Henrique,Pessoa Física,Mouse Sem Fio,Acessórios,4,145.00,15,47.68,580.00,81.10,292.99,-211.89,-261.27,Transferência,Devolvido,4,
PED-01276,2026-05-31,2026,05,Centro-Oeste,Cuiabá,Loja Física,Eduarda,Pessoa Física,Smartphone X,Telefonia,3,3200.00,5,29.02,9600.00,9149.02,7360.16,1788.86,19.55,Boleto,Concluído,5,5
PED-01466,2026-06-01,2026,06,Nordeste,Natal,Aplicativo,Ana,Pequena Empresa,Notebook Pro 14,Eletrônicos,3,4200.00,0,63.97,12600.00,12663.97,9472.39,3191.58,25.20,Cartão de Crédito,Concluído,12,5
PED-01077,2026-06-02,2026,06,Sudeste,Campinas,Marketplace,Felipe,Pessoa Física,Smartphone Y,Telefonia,1,2150.00,10,90.11,2150.00,303.77,1369.81,-1066.04,-350.94,Boleto,Devolvido,2,
PED-01189,2026-06-02,2026,06,Nordeste,Recife,Loja Física,Carla,Pessoa Física,Memória RAM 16 GB,Componentes,2,390.00,5,71.23,780.00,121.83,437.69,-315.86,-259.26,Boleto,Devolvido,9,
PED-01356,2026-06-02,2026,06,Sudeste,Campinas,Site,Henrique,Pessoa Física,SSD 1 TB,Componentes,8,510.00,15,88.71,4080.00,533.51,2372.39,-1838.88,-344.68,Transferência,Devolvido,1,
PED-01454,2026-06-03,2026,06,Centro-Oeste,Brasília,Site,Carla,Pessoa Física,Mouse Sem Fio,Acessórios,2,145.00,0,78.58,290.00,368.58,191.50,177.08,48.04,Cartão de Crédito,Concluído,3,4
PED-00273,2026-06-04,2026,06,Sul,Londrina,Marketplace,Daniel,Pessoa Física,Webcam Full HD,Acessórios,2,310.00,10,8.36,620.00,566.36,382.93,183.43,32.39,Transferência,Concluído,8,4
PED-00809,2026-06-04,2026,06,Sudeste,São Paulo,Loja Física,Felipe,Média Empresa,Smartphone X,Telefonia,1,3200.00,0,66.98,3200.00,0.00,23.44,-23.44,0.00,PIX,Cancelado,6,
PED-00857,2026-06-04,2026,06,Nordeste,Salvador,Marketplace,Gabriela,Pessoa Física,Tablet 10,Telefonia,1,1850.00,5,70.50,1850.00,1828.00,1344.67,483.33,26.44,Transferência,Concluído,10,5
PED-01036,2026-06-04,2026,06,Centro-Oeste,Goiânia,Site,Carla,Pessoa Física,Webcam Full HD,Acessórios,1,310.00,0,62.69,310.00,0.00,21.94,-21.94,0.00,Boleto,Cancelado,6,
PED-01186,2026-06-04,2026,06,Nordeste,Fortaleza,Aplicativo,Felipe,Média Empresa,Mesa Home Office,Móveis,3,980.00,10,6.27,2940.00,2652.27,1862.19,790.08,29.79,Transferência,Concluído,5,4
PED-00556,2026-06-05,2026,06,Norte,Porto Velho,Site,Henrique,Pessoa Física,Tablet 10,Telefonia,1,1850.00,0,60.19,1850.00,1910.19,1341.07,569.12,29.79,Cartão de Crédito,Concluído,5,4
PED-00582,2026-06-05,2026,06,Sudeste,São Paulo,Loja Física,Bruno,Pessoa Física,Memória RAM 16 GB,Componentes,2,390.00,15,71.36,780.00,734.36,514.98,219.38,29.87,PIX,Concluído,8,4
PED-00804,2026-06-05,2026,06,Norte,Manaus,Site,Henrique,Pessoa Física,Cadeira Ergonômica,Móveis,2,1350.00,15,55.08,2700.00,2350.08,1779.28,570.80,24.29,Boleto,Concluído,5,4
PED-00957,2026-06-05,2026,06,Sul,Curitiba,Aplicativo,Bruno,Pessoa Física,Mouse Sem Fio,Acessórios,1,145.00,0,30.43,145.00,26.31,78.75,-52.44,-199.32,Transferência,Devolvido,4,
PED-01410,2026-06-05,2026,06,Sudeste,Campinas,Site,Carla,Pessoa Física,Smartphone X,Telefonia,2,3200.00,10,72.77,6400.00,874.92,4186.65,-3311.73,-378.52,Cartão de Crédito,Devolvido,6,
PED-00412,2026-06-06,2026,06,Sul,Londrina,Marketplace,Daniel,Pessoa Física,Impressora Wi-Fi,Escritório,3,760.00,10,80.45,2280.00,2132.45,1573.16,559.29,26.23,Transferência,Concluído,12,4
PED-00617,2026-06-06,2026,06,Nordeste,Fortaleza,Loja Física,Gabriela,Corporativo,Memória RAM 16 GB,Componentes,3,390.00,0,3.28,1170.00,1173.28,736.15,437.13,37.26,Cartão de Crédito,Concluído,11,5
PED-01334,2026-06-06,2026,06,Sudeste,Belo Horizonte,Aplicativo,Bruno,Corporativo,Cadeira Ergonômica,Móveis,1,1350.00,10,45.29,1350.00,1260.29,895.85,364.44,28.92,PIX,Concluído,1,3
PED-00667,2026-06-07,2026,06,Nordeste,Fortaleza,Site,Felipe,Pessoa Física,Impressora Wi-Fi,Escritório,2,760.00,5,30.38,1520.00,1474.38,1040.63,433.75,29.42,Cartão de Crédito,Concluído,3,2
PED-01202,2026-06-07,2026,06,Norte,Porto Velho,Marketplace,Felipe,Pequena Empresa,Smartphone X,Telefonia,2,3200.00,5,82.35,6400.00,924.35,4189.50,-3265.15,-353.24,Boleto,Devolvido,10,
PED-00922,2026-06-08,2026,06,Sudeste,Rio de Janeiro,Loja Física,Daniel,Pequena Empresa,Headset USB,Acessórios,2,260.00,10,14.42,520.00,0.00,5.05,-5.05,0.00,Cartão de Crédito,Cancelado,9,
PED-01006,2026-06-08,2026,06,Nordeste,Recife,Marketplace,Bruno,Pessoa Física,Notebook Lite 15,Eletrônicos,1,2850.00,0,67.82,2850.00,2917.82,2173.74,744.08,25.50,Boleto,Concluído,6,5
PED-01049,2026-06-08,2026,06,Sudeste,São Paulo,Aplicativo,Henrique,Pequena Empresa,Impressora Wi-Fi,Escritório,2,760.00,5,11.35,1520.00,1455.35,1033.97,421.38,28.95,Cartão de Crédito,Concluído,2,4
PED-01097,2026-06-08,2026,06,Sul,Florianópolis,Loja Física,Felipe,Pequena Empresa,Monitor 27,Eletrônicos,2,1450.00,5,17.98,2900.00,2772.98,2046.29,726.69,26.21,Cartão de Crédito,Concluído,12,1
PED-01417,2026-06-08,2026,06,Nordeste,Recife,Aplicativo,Gabriela,Pessoa Física,Monitor 27,Eletrônicos,10,1450.00,0,0.80,14500.00,0.00,0.28,-0.28,0.00,Boleto,Cancelado,2,
PED-00604,2026-06-09,2026,06,Centro-Oeste,Cuiabá,Marketplace,Daniel,Pequena Empresa,Monitor 27,Eletrônicos,6,1450.00,5,40.65,8700.00,8305.65,6134.23,2171.42,26.14,Boleto,Concluído,4,3
PED-01456,2026-06-09,2026,06,Sudeste,Campinas,Site,Eduarda,Média Empresa,Monitor 27,Eletrônicos,2,1450.00,10,42.06,2900.00,2652.06,2054.72,597.34,22.52,Transferência,Concluído,3,4
PED-00766,2026-06-10,2026,06,Sudeste,Rio de Janeiro,Site,Felipe,Pessoa Física,Monitor 24,Eletrônicos,5,920.00,0,74.57,4600.00,701.19,2742.18,-2040.99,-291.08,Transferência,Devolvido,5,
PED-00864,2026-06-11,2026,06,Nordeste,Salvador,Site,Henrique,Pessoa Física,Webcam Full HD,Acessórios,6,310.00,0,65.44,1860.00,1925.44,1162.90,762.54,39.60,Cartão de Crédito,Concluído,5,4
PED-01219,2026-06-11,2026,06,Sudeste,Campinas,Aplicativo,Ana,Pessoa Física,Smartphone Y,Telefonia,1,2150.00,5,87.64,2150.00,319.52,1369.07,-1049.55,-328.48,Boleto,Devolvido,2,
PED-00640,2026-06-12,2026,06,Sul,Porto Alegre,Marketplace,Gabriela,Pessoa Física,Smartphone X,Telefonia,1,3200.00,5,28.76,3200.00,0.00,10.07,-10.07,0.00,Transferência,Cancelado,3,
PED-01281,2026-06-12,2026,06,Nordeste,Natal,Marketplace,Eduarda,Pessoa Física,Monitor 24,Eletrônicos,1,920.00,5,93.95,920.00,967.95,672.88,295.07,30.48,Boleto,Concluído,5,3
PED-00397,2026-06-13,2026,06,Sudeste,São Paulo,Marketplace,Bruno,Pessoa Física,Teclado Mecânico,Acessórios,6,350.00,10,56.46,2100.00,1946.46,1279.76,666.70,34.25,Cartão de Crédito,Concluído,6,4
PED-00538,2026-06-13,2026,06,Norte,Palmas,Site,Ana,Pequena Empresa,Smartphone Y,Telefonia,2,2150.00,0,32.14,4300.00,4332.14,3171.25,1160.89,26.80,Transferência,Concluído,3,4
PED-00290,2026-06-14,2026,06,Sul,Londrina,Marketplace,Eduarda,Média Empresa,Smartphone Y,Telefonia,1,2150.00,5,90.08,2150.00,2132.58,1611.53,521.05,24.43,Cartão de Crédito,Concluído,9,4
PED-00414,2026-06-14,2026,06,Sul,Curitiba,Site,Bruno,Pequena Empresa,Monitor 24,Eletrônicos,2,920.00,10,58.24,1840.00,1714.24,1300.38,413.86,24.14,Transferência,Concluído,9,5
PED-01235,2026-06-14,2026,06,Centro-Oeste,Cuiabá,Marketplace,Carla,Pequena Empresa,Monitor 27,Eletrônicos,5,1450.00,0,32.56,7250.00,7282.56,5111.40,2171.16,29.81,Cartão de Crédito,Concluído,8,2
PED-01272,2026-06-14,2026,06,Norte,Manaus,Loja Física,Ana,Pessoa Física,Tablet 10,Telefonia,2,1850.00,20,45.71,3700.00,3005.71,2656.00,349.71,11.63,Cartão de Crédito,Concluído,9,3
PED-01287,2026-06-14,2026,06,Nordeste,Recife,Site,Bruno,Pessoa Física,Notebook Lite 15,Eletrônicos,1,2850.00,0,16.69,2850.00,2866.69,2155.84,710.85,24.80,Transferência,Concluído,1,2
PED-00619,2026-06-15,2026,06,Centro-Oeste,Goiânia,Loja Física,Eduarda,Pequena Empresa,Headset USB,Acessórios,2,260.00,5,84.23,520.00,0.00,29.48,-29.48,0.00,Transferência,Cancelado,5,
PED-00775,2026-06-15,2026,06,Sudeste,São Paulo,Marketplace,Bruno,Pequena Empresa,Mesa Home Office,Móveis,6,980.00,20,62.06,5880.00,4766.06,3741.72,1024.34,21.49,PIX,Concluído,6,4
PED-00123,2026-06-16,2026,06,Centro-Oeste,Cuiabá,Site,Eduarda,Pessoa Física,Mesa Home Office,Móveis,1,980.00,5,47.74,980.00,978.74,636.71,342.03,34.95,PIX,Concluído,10,5
PED-00132,2026-06-16,2026,06,Sudeste,Rio de Janeiro,Site,Felipe,Pessoa Física,SSD 1 TB,Componentes,10,510.00,10,28.43,5100.00,4618.43,3459.95,1158.48,25.08,Transferência,Concluído,9,5
PED-01217,2026-06-16,2026,06,Sudeste,São Paulo,Loja Física,Bruno,Pessoa Física,Webcam Full HD,Acessórios,2,310.00,10,68.98,620.00,626.98,404.14,222.84,35.54,Cartão de Crédito,Concluído,9,3
PED-00877,2026-06-17,2026,06,Centro-Oeste,Brasília,Loja Física,Eduarda,Média Empresa,Memória RAM 16 GB,Componentes,2,390.00,10,57.66,780.00,0.00,20.18,-20.18,0.00,Cartão de Crédito,Cancelado,12,
PED-01024,2026-06-17,2026,06,Sul,Florianópolis,Aplicativo,Carla,Pequena Empresa,Monitor 27,Eletrônicos,3,1450.00,10,46.47,4350.00,3961.47,3076.26,885.21,22.35,Boleto,Concluído,12,5
PED-01164,2026-06-17,2026,06,Sudeste,Belo Horizonte,Loja Física,Carla,Pequena Empresa,Webcam Full HD,Acessórios,2,310.00,0,77.78,620.00,697.78,407.22,290.56,41.64,Transferência,Concluído,1,5
PED-00174,2026-06-18,2026,06,Nordeste,Recife,Site,Eduarda,Pessoa Física,Mouse Sem Fio,Acessórios,1,145.00,0,26.22,145.00,171.22,91.18,80.04,46.75,Boleto,Concluído,8,5
PED-00379,2026-06-18,2026,06,Sul,Curitiba,Aplicativo,Daniel,Pessoa Física,Monitor 27,Eletrônicos,2,1450.00,10,52.98,2900.00,0.00,18.54,-18.54,0.00,Cartão de Crédito,Cancelado,11,
PED-00784,2026-06-18,2026,06,Sudeste,Rio de Janeiro,Site,Carla,Pessoa Física,Webcam Full HD,Acessórios,1,310.00,5,72.60,310.00,367.10,215.41,151.69,41.32,Cartão de Crédito,Concluído,1,4
PED-01042,2026-06-18,2026,06,Sul,Curitiba,Marketplace,Ana,Pessoa Física,Mesa Home Office,Móveis,2,980.00,10,73.82,1960.00,275.67,1075.96,-800.29,-290.31,Boleto,Devolvido,1,
PED-01286,2026-06-18,2026,06,Sudeste,São Paulo,Site,Bruno,Corporativo,Webcam Full HD,Acessórios,3,310.00,5,37.23,930.00,920.73,583.03,337.70,36.68,PIX,Concluído,10,3
PED-00552,2026-06-19,2026,06,Nordeste,Salvador,Site,Carla,Corporativo,Headset USB,Acessórios,1,260.00,0,78.82,260.00,0.00,27.59,-27.59,0.00,Cartão de Crédito,Cancelado,8,
PED-01459,2026-06-19,2026,06,Centro-Oeste,Goiânia,Loja Física,Gabriela,Pessoa Física,Mesa Home Office,Móveis,6,980.00,10,28.27,5880.00,798.04,3170.41,-2372.37,-297.27,Transferência,Devolvido,10,
PED-00314,2026-06-20,2026,06,Sul,Londrina,Loja Física,Felipe,Pessoa Física,Monitor 27,Eletrônicos,1,1450.00,5,55.61,1450.00,1433.11,1039.46,393.65,27.47,Boleto,Concluído,9,4
PED-00521,2026-06-20,2026,06,Sudeste,São Paulo,Marketplace,Ana,Pessoa Física,Impressora Wi-Fi,Escritório,2,760.00,5,44.14,1520.00,223.22,888.63,-665.41,-298.10,Boleto,Devolvido,10,
PED-00646,2026-06-20,2026,06,Sul,Porto Alegre,Loja Física,Ana,Pessoa Física,Smartphone Y,Telefonia,1,2150.00,0,79.10,2150.00,2229.10,1607.68,621.42,27.88,Boleto,Concluído,10,4
PED-01463,2026-06-20,2026,06,Norte,Manaus,Site,Daniel,Pequena Empresa,Tablet 10,Telefonia,1,1850.00,5,71.44,1850.00,0.00,25.00,-25.00,0.00,Cartão de Crédito,Cancelado,2,
PED-00098,2026-06-21,2026,06,Sudeste,Belo Horizonte,Marketplace,Felipe,Pequena Empresa,Mouse Sem Fio,Acessórios,1,145.00,10,31.79,145.00,162.29,93.13,69.16,42.62,Transferência,Concluído,2,4
PED-00166,2026-06-21,2026,06,Sudeste,Belo Horizonte,Loja Física,Eduarda,Pequena Empresa,Teclado Mecânico,Acessórios,1,350.00,20,43.60,350.00,323.60,225.26,98.34,30.39,Cartão de Crédito,Concluído,12,3
PED-00338,2026-06-21,2026,06,Centro-Oeste,Campo Grande,Marketplace,Bruno,Pessoa Física,Mesa Home Office,Móveis,2,980.00,0,28.84,1960.00,1988.84,1250.09,738.75,37.14,PIX,Concluído,9,5
PED-00850,2026-06-21,2026,06,Norte,Belém,Site,Felipe,Pequena Empresa,Headset USB,Acessórios,1,260.00,0,75.32,260.00,335.32,181.36,153.96,45.91,PIX,Concluído,6,4
PED-00862,2026-06-21,2026,06,Sudeste,Belo Horizonte,Site,Carla,Pequena Empresa,SSD 1 TB,Componentes,3,510.00,15,9.61,1530.00,0.00,3.36,-3.36,0.00,Cartão de Crédito,Cancelado,12,
PED-01190,2026-06-21,2026,06,Sudeste,Rio de Janeiro,Loja Física,Daniel,Pessoa Física,Notebook Pro 14,Eletrônicos,3,4200.00,15,63.04,12600.00,10773.04,9472.06,1300.98,12.08,Boleto,Concluído,7,4
PED-00271,2026-06-22,2026,06,Norte,Porto Velho,Marketplace,Bruno,Pessoa Física,Webcam Full HD,Acessórios,3,310.00,5,63.05,930.00,141.98,503.26,-361.28,-254.46,PIX,Devolvido,7,
PED-00914,2026-06-22,2026,06,Sudeste,São Paulo,Site,Daniel,Pessoa Física,Mouse Sem Fio,Acessórios,10,145.00,0,45.19,1450.00,1495.19,835.82,659.37,44.10,Cartão de Crédito,Concluído,9,4
PED-01065,2026-06-22,2026,06,Norte,Porto Velho,Loja Física,Gabriela,Pequena Empresa,SSD 1 TB,Componentes,2,510.00,5,47.80,1020.00,1016.80,706.73,310.07,30.49,PIX,Concluído,3,5
PED-01336,2026-06-22,2026,06,Sudeste,Belo Horizonte,Marketplace,Daniel,Pequena Empresa,Monitor 27,Eletrônicos,3,1450.00,10,69.80,4350.00,3984.80,3084.43,900.37,22.60,Cartão de Crédito,Concluído,1,5
PED-00460,2026-06-24,2026,06,Nordeste,Fortaleza,Site,Bruno,Pessoa Física,Webcam Full HD,Acessórios,2,310.00,10,8.30,620.00,0.00,2.91,-2.91,0.00,PIX,Cancelado,7,
PED-00680,2026-06-24,2026,06,Nordeste,Salvador,Marketplace,Gabriela,Pessoa Física,Teclado Mecânico,Acessórios,1,350.00,0,78.90,350.00,428.90,237.62,191.28,44.60,Cartão de Crédito,Concluído,3,3
PED-00168,2026-06-25,2026,06,Sudeste,Campinas,Site,Bruno,Pequena Empresa,Notebook Lite 15,Eletrônicos,1,2850.00,5,62.52,2850.00,2770.02,2171.88,598.14,21.59,PIX,Concluído,6,1
PED-00204,2026-06-25,2026,06,Norte,Porto Velho,Site,Gabriela,Pessoa Física,Notebook Pro 14,Eletrônicos,3,4200.00,10,90.67,12600.00,11430.67,9481.73,1948.94,17.05,Cartão de Crédito,Concluído,1,4
PED-01158,2026-06-25,2026,06,Nordeste,Fortaleza,Site,Henrique,Média Empresa,SSD 1 TB,Componentes,6,510.00,10,50.22,3060.00,2804.22,2087.58,716.64,25.56,Boleto,Concluído,1,3
PED-01284,2026-06-25,2026,06,Centro-Oeste,Brasília,Site,Felipe,Pessoa Física,Teclado Mecânico,Acessórios,3,350.00,15,9.94,1050.00,902.44,633.48,268.96,29.80,Transferência,Concluído,11,3
PED-00771,2026-06-26,2026,06,Sudeste,São Paulo,Marketplace,Bruno,Pessoa Física,Headset USB,Acessórios,4,260.00,15,34.16,1040.00,918.16,631.96,286.20,31.17,Cartão de Crédito,Concluído,10,4
PED-01142,2026-06-26,2026,06,Sudeste,Belo Horizonte,Aplicativo,Eduarda,Pessoa Física,Impressora Wi-Fi,Escritório,5,760.00,15,27.70,3800.00,488.65,2196.99,-1708.34,-349.60,PIX,Devolvido,7,
PED-01167,2026-06-26,2026,06,Sul,Curitiba,Site,Daniel,Pequena Empresa,Smartphone X,Telefonia,2,3200.00,0,55.82,6400.00,6455.82,4919.54,1536.28,23.80,Cartão de Crédito,Concluído,9,3
PED-01451,2026-06-26,2026,06,Sudeste,São Paulo,Site,Henrique,Pessoa Física,Notebook Lite 15,Eletrônicos,2,2850.00,10,60.67,5700.00,5190.67,4321.23,869.44,16.75,Boleto,Concluído,3,4
PED-00225,2026-06-27,2026,06,Nordeste,Recife,Aplicativo,Bruno,Pessoa Física,Smartphone Y,Telefonia,1,2150.00,5,75.17,2150.00,317.65,1365.36,-1047.71,-329.83,PIX,Devolvido,1,
PED-00997,2026-06-27,2026,06,Sudeste,Belo Horizonte,Loja Física,Carla,Pessoa Física,Mesa Home Office,Móveis,8,980.00,0,42.47,7840.00,7882.47,4974.86,2907.61,36.89,Boleto,Concluído,4,3
PED-00350,2026-06-28,2026,06,Sul,Florianópolis,Marketplace,Henrique,Pessoa Física,Teclado Mecânico,Acessórios,3,350.00,5,17.63,1050.00,1015.13,636.17,378.96,37.33,PIX,Concluído,10,5
PED-00446,2026-06-28,2026,06,Sul,Curitiba,Marketplace,Daniel,Pessoa Física,Tablet 10,Telefonia,4,1850.00,10,38.63,7400.00,6698.63,5293.52,1405.11,20.98,PIX,Concluído,3,4
PED-01090,2026-06-28,2026,06,Centro-Oeste,Goiânia,Marketplace,Ana,Pessoa Física,Tablet 10,Telefonia,3,1850.00,5,51.19,5550.00,5323.69,3977.92,1345.77,25.28,Cartão de Crédito,Concluído,1,4
PED-00153,2026-06-29,2026,06,Centro-Oeste,Goiânia,Marketplace,Carla,Pessoa Física,Tablet 10,Telefonia,6,1850.00,10,10.72,11100.00,1500.11,6735.19,-5235.08,-348.98,Cartão de Crédito,Devolvido,7,
PED-00355,2026-06-29,2026,06,Sudeste,Rio de Janeiro,Marketplace,Carla,Pessoa Física,Tablet 10,Telefonia,2,1850.00,10,72.80,3700.00,0.00,25.48,-25.48,0.00,Transferência,Cancelado,6,
PED-00420,2026-06-30,2026,06,Sudeste,Campinas,Marketplace,Carla,Pessoa Física,Webcam Full HD,Acessórios,2,310.00,0,75.74,620.00,695.74,406.51,289.23,41.57,Cartão de Crédito,Concluído,11,4
PED-00905,2026-06-30,2026,06,Nordeste,Recife,Loja Física,Felipe,Média Empresa,SSD 1 TB,Componentes,3,510.00,10,17.94,1530.00,1394.94,1041.28,353.66,25.35,Cartão de Crédito,Concluído,4,4
PED-00923,2026-06-30,2026,06,Sul,Porto Alegre,Site,Bruno,Pequena Empresa,Smartphone Y,Telefonia,3,2150.00,15,21.49,6450.00,825.60,4035.39,-3209.79,-388.78,Transferência,Devolvido,3,
PED-01275,2026-06-30,2026,06,Sul,Florianópolis,Aplicativo,Carla,Pessoa Física,Notebook Lite 15,Eletrônicos,1,2850.00,5,29.43,2850.00,2736.93,2160.30,576.63,21.07,PIX,Concluído,11,4
